nctId,briefTitle,overallStatus,phases,studyType,has_resultsSection,mvp_outcome_label,mvp_outcome_confidence,pass_interventional,pass_phase23,primary_endpoint_met_final,outcome_label_final,confidence_final,evidence_source,primary_outcome_title,primary_outcome_timeframe,primary_outcome_pvalues,notes_ctgov,pubmed_pmids,notes_pubmed
NCT07141914,A Master Protocol for Semaglutide Effects on Cardiovascular and Obesity-related Outcomes in People With Overweight or Obesity in the Real World,COMPLETED,,OBSERVATIONAL,0,NO_RESULTS,HIGH,0,0,,,,,,,,,,
NCT05372952,An Investigator Initiated Trial to Evaluate the Safety and Feasibility of the DyNETIC-35 Stent for Iliac Lesions Via a Trans-radial Approach,COMPLETED,,OBSERVATIONAL,0,NO_RESULTS,HIGH,0,0,,,,,,,,,,
NCT03445754,Effect of Transcutaneous Vagal Stimulation (TVS) on Endothelial Function in PAD,COMPLETED,,INTERVENTIONAL,0,NO_RESULTS,HIGH,1,0,,,,,,,,,,
NCT03807661,Percutaneous Deep Vein Arterialization Post-Market Study,COMPLETED,,INTERVENTIONAL,1,UNCLEAR,LOW,1,0,,,,,,,,,,
NCT06431763,A Study to Investigate LDL-cholesterol Lowering With Inclisiran Compared to Bempedoic Acid in Patients With Atherosclerotic Cardiovascular Disease.,COMPLETED,PHASE4,INTERVENTIONAL,0,NO_RESULTS,HIGH,1,1,,,,,,,,,,
NCT03982420,The ENROUTE Transcarotid Neuroprotection System (ENROUTE Transcarotid NPS) DW-MRI Evaluation,COMPLETED,,OBSERVATIONAL,1,UNCLEAR,LOW,0,0,,,,,,,,,,
NCT06261723,Effect of Non-chirurgical Periodontal Treatment on the Immune System From a Gender Perspective,COMPLETED,,OBSERVATIONAL,0,NO_RESULTS,HIGH,0,0,,,,,,,,,,
NCT05888103,Efficacy and Safety of Inclisiran as Monotherapy in Chinese Adults With Low or Moderate ASCVD Risk and Elevated Low-density Lipoprotein Cholesterol.,COMPLETED,PHASE3,INTERVENTIONAL,1,UNCLEAR,LOW,1,1,Y,POSITIVE,MED,CTGOV_STRUCTURED,Percentage Change in Low-density Lipoprotein Cholesterol (LDL-C) (mg/dL) From Baseline at Day 150 - Core Analysis: Core Part,"Baseline, Day 150",p=0.0001,Structured CT.gov extraction from resultsSection.outcomeMeasuresModule.outcomeMeasures (PRIMARY). p=0.0001,,
NCT01778569,"The Psoriasis, Atherosclerosis, and Cardiometabolic Disease Initiative (PACI)",COMPLETED,,OBSERVATIONAL,0,NO_RESULTS,HIGH,0,0,,,,,,,,,,
NCT03321552,PROMISE International,COMPLETED,,INTERVENTIONAL,1,UNCLEAR,LOW,1,0,,,,,,,,,,
NCT04316676,The MATCH Investigation: CT Myocardial Perfusion and CT-FFR vs PET MPI,COMPLETED,,INTERVENTIONAL,1,UNCLEAR,LOW,1,0,,,,,,,,,,
NCT07288164,Comparison of Eversion and Conventional Techniques in Carotid Endarterectomy,COMPLETED,,OBSERVATIONAL,0,NO_RESULTS,HIGH,0,0,,,,,,,,,,
NCT02311335,Genes Involved in Lipid Disorders,COMPLETED,,OBSERVATIONAL,0,NO_RESULTS,HIGH,0,0,,,,,,,,,,
NCT05410548,Comorbidity Screening and Referral by Prosthetists,COMPLETED,,INTERVENTIONAL,0,NO_RESULTS,HIGH,1,0,,,,,,,,,,
NCT05232474,Using KomPas+ in the Treatment of Patients With Intermittent Claudication,COMPLETED,,INTERVENTIONAL,0,NO_RESULTS,HIGH,1,0,,,,,,,,,,
NCT06626659,Lipoprotein (a) and Vascular Regenerative Cell Content,COMPLETED,,OBSERVATIONAL,0,NO_RESULTS,HIGH,0,0,,,,,,,,,,
NCT04536038,Framing Clinical Trial Enrollment for Patients With Peripheral Artery Disease,COMPLETED,,INTERVENTIONAL,1,UNCLEAR,LOW,1,0,,,,,,,,,,
NCT05556681,Study of BD Sirolimus Drug Coated Catheter for Treatment of Femoropopliteal Arteries,COMPLETED,,INTERVENTIONAL,0,NO_RESULTS,HIGH,1,0,,,,,,,,,,
NCT05877235,Serum Concentration of Endogenous Estrogens and Sirtuin-1 After Administration of Atorvastatin and Quercetin:,COMPLETED,,INTERVENTIONAL,0,NO_RESULTS,HIGH,1,0,,,,,,,,,,
NCT04053166,Individualized Physical Activity and Carotid Plaque Instability,COMPLETED,,INTERVENTIONAL,0,NO_RESULTS,HIGH,1,0,,,,,,,,,,
NCT04068909,ObseRvation After Acute Coronary Syndrome for deveLopment of trEatment Options,COMPLETED,,OBSERVATIONAL,0,NO_RESULTS,HIGH,0,0,,,,,,,,,,
NCT04382963,Stroke Prevention in the Wisconsin Native American Population,COMPLETED,,INTERVENTIONAL,0,NO_RESULTS,HIGH,1,0,,,,,,,,,,
NCT06450561,Adherence to Secondary Prevention Guidelines for Cardiovascular Risk,COMPLETED,,OBSERVATIONAL,0,NO_RESULTS,HIGH,0,0,,,,,,,,,,
NCT04560998,A Research Study to Compare a Medicine Called Semaglutide Against Placebo in People With Peripheral Arterial Disease and Type 2 Diabetes,COMPLETED,PHASE3,INTERVENTIONAL,1,UNCLEAR,LOW,1,1,Y,POSITIVE,MED,CTGOV_STRUCTURED,Change in Maximum Walking Distance on a Constant Load Treadmill Test,"Baseline (week 0), end of treatment (week 52)",p=0.0004,Structured CT.gov extraction from resultsSection.outcomeMeasuresModule.outcomeMeasures (PRIMARY). p=0.0004,,
NCT02944682,Household Air Pollution and Health: A Multi-country LPG Intervention Trial,COMPLETED,,INTERVENTIONAL,0,NO_RESULTS,HIGH,1,0,,,,,,,,,,
NCT07201168,Structured Educational Program vs Standard Care in Pre-surgical Critical Limb Ischemia Patients,COMPLETED,,INTERVENTIONAL,0,NO_RESULTS,HIGH,1,0,,,,,,,,,,
NCT04471792,Creatine Use and Muscle Stretching in Peripheral Artery Disease,COMPLETED,PHASE2,INTERVENTIONAL,1,UNCLEAR,LOW,1,1,N,NEGATIVE,MED,CTGOV_STRUCTURED,Walking Distance,Baseline and after 4 weeks of intervention,p=0.38,Structured CT.gov extraction from resultsSection.outcomeMeasuresModule.outcomeMeasures (PRIMARY). p=0.38,,
NCT02505399,TIcagrelor in Rotational Atherectomy to Reduce TROPonin Enhancement,COMPLETED,PHASE4,INTERVENTIONAL,0,NO_RESULTS,HIGH,1,1,,,,,,,,,,
NCT06589791,A Disease Area Study on the Awareness and Perceptions of Systemic Inflammation and hsCRP as a biomARKer in Patients With ASCVD and CKD in China Among Cardiologists and Nephrologists,COMPLETED,,OBSERVATIONAL,0,NO_RESULTS,HIGH,0,0,,,,,,,,,,
NCT05362903,A Non-interventional Implementation Study to Evaluate Treatment With Inclisiran (Leqvio®) and Other Lipid Lowering Treatments in a Real-world Setting,COMPLETED,,OBSERVATIONAL,0,NO_RESULTS,HIGH,0,0,,,,,,,,,,
NCT06897566,Barriers to Optimal LDL-C Targets in Patients With Atherosclerotic Cardiovascular Disease,COMPLETED,,OBSERVATIONAL,0,NO_RESULTS,HIGH,0,0,,,,,,,,,,
NCT07262203,Effect of Diabetic Foot Exercises on Peripheral Vascular Status in Type 2 Diabetes Mellitus Patients,COMPLETED,,INTERVENTIONAL,0,NO_RESULTS,HIGH,1,0,,,,,,,,,,
NCT00001204,Cardiovascular Evaluation of Patients With High Cholesterol and Normal Volunteers,COMPLETED,,OBSERVATIONAL,0,NO_RESULTS,HIGH,0,0,,,,,,,,,,
NCT07250776,"Effects of Body Awareness Therapy on Functional Capacity, With Peripheral Artery Disease",COMPLETED,,INTERVENTIONAL,0,NO_RESULTS,HIGH,1,0,,,,,,,,,,
NCT06675175,"A Phase 1b Study to Assess the Safety, Tolerability, and Pharmacodynamics of AZD4144 in Participants With Established Atherosclerotic Cardiovascular and Chronic Kidney Disease.",COMPLETED,PHASE1,INTERVENTIONAL,0,NO_RESULTS,HIGH,1,0,,,,,,,,,,
NCT05988684,Effect of Metformin on Carotid Atherosclerosis for Non-diabetic Patients With PsA (CAMPA Study),COMPLETED,PHASE4,INTERVENTIONAL,0,NO_RESULTS,HIGH,1,1,,,,,,,,,,
NCT06508437,Effect of Influenza Vaccination on Global Systemic Inflammatory Markers in Patients With Stable Coronary Artery Disease,COMPLETED,PHASE4,INTERVENTIONAL,0,NO_RESULTS,HIGH,1,1,,,,,,,,,,
NCT05708547,Role of Mitophagy in Myeloid Cells During Coronary Atherosclerosis.,COMPLETED,,OBSERVATIONAL,0,NO_RESULTS,HIGH,0,0,,,,,,,,,,
NCT02117453,"Multicenter, Prospective, Randomized, Controlled, Double-blind Trial on the Impact of Rosuvastatin on Subclinical Markers of Atherosclerosis in Patients With Primary Necrotizing Vasculitides",COMPLETED,PHASE3,INTERVENTIONAL,0,NO_RESULTS,HIGH,1,1,,,,,,,,,,
NCT02375893,Bile Acids and Gut Microbiota as Potent Coronary Atheroma Risk Factors: a Prospective Study in Human,COMPLETED,,OBSERVATIONAL,0,NO_RESULTS,HIGH,0,0,,,,,,,,,,
NCT02110303,DIAMOND - Dual Antiplatelet Therapy to Reduce Myocardial Injury,COMPLETED,"PHASE2,PHASE3",INTERVENTIONAL,0,NO_RESULTS,HIGH,1,1,,,,,,,,,,
NCT04626973,Effects of Ezetimibe Combination Therapy for Patients With Atherosclerotic Cardiovascular Disease; Randomized Comparison of LDL-cholesterol Targeting <70 Versus <55mg/dL; Ez-PAVE Trial,COMPLETED,,INTERVENTIONAL,0,NO_RESULTS,HIGH,1,0,,,,,,,,,,
NCT02425345,Women's Health Initiative Strong and Healthy Study,COMPLETED,,INTERVENTIONAL,0,NO_RESULTS,HIGH,1,0,,,,,,,,,,
NCT05103280,Improving Walking in Peripheral Artery Disease,COMPLETED,,INTERVENTIONAL,1,UNCLEAR,LOW,1,0,,,,,,,,,,
NCT07203677,Comparative Effectiveness of Tirzepatide Versus Sitagliptin in Individuals at Cardiovascular Risk (TIRZSITA-CVOT),COMPLETED,,OBSERVATIONAL,0,NO_RESULTS,HIGH,0,0,,,,,,,,,,
NCT01180361,Atherosclerosis in Rheumatoid Arthritis and Lupus: Restoring Cholesterol Balance,COMPLETED,,OBSERVATIONAL,0,NO_RESULTS,HIGH,0,0,,,,,,,,,,
NCT03128424,TORUS I Clinical Study,COMPLETED,,INTERVENTIONAL,1,UNCLEAR,LOW,1,0,,,,,,,,,,
NCT02944071,Ranger™ and Ranger™ SL (OTW) DCB) in China,COMPLETED,,INTERVENTIONAL,1,UNCLEAR,LOW,1,0,,,,,,,,,,
NCT05378529,A Cross-sectional Study of Lipoprotein(a) Levels in Patients With Documented History of Atherosclerotic Cardiovascular Disease (ASCVD),COMPLETED,,INTERVENTIONAL,0,NO_RESULTS,HIGH,1,0,,,,,,,,,,
NCT05529472,Safety and Effectiveness Evaluation of Peripheral Orbital Atherectomy,COMPLETED,,INTERVENTIONAL,1,UNCLEAR,LOW,1,0,,,,,,,,,,
NCT01419080,Patient-centered Outcomes Related to TReatment Practices in Peripheral Arterial Disease: Investigating Trajectories (PORTRAIT),COMPLETED,,OBSERVATIONAL,1,UNCLEAR,LOW,0,0,,,,,,,,,,
NCT04337554,Exoskeleton Footwear to Improve Walking,COMPLETED,,OBSERVATIONAL,0,NO_RESULTS,HIGH,0,0,,,,,,,,,,
NCT04873934,Management of LDL-cholesterol With Inclisiran + Usual Care Compared to Usual Care Alone in Participants With a Recent Acute Coronary Syndrome,COMPLETED,PHASE3,INTERVENTIONAL,1,UNCLEAR,LOW,1,1,Y,POSITIVE,MED,CTGOV_STRUCTURED,Percent Change From Baseline to Day 330 in LDL-C,Baseline and Day 330,p=0.001,Structured CT.gov extraction from resultsSection.outcomeMeasuresModule.outcomeMeasures (PRIMARY). p=0.001,,
NCT06005597,Study of Obicetrapib & Ezetimibe Fixed Dose Combination on Top of Maximum Tolerated Lipid-Modifying Therapies,COMPLETED,PHASE3,INTERVENTIONAL,1,UNCLEAR,LOW,1,1,Y,POSITIVE,MED,CTGOV_STRUCTURED,Effect of Fixed-Dose Combination (FDC) Compared to Placebo on LDL-C,84 Days,p=0.0001,Structured CT.gov extraction from resultsSection.outcomeMeasuresModule.outcomeMeasures (PRIMARY). p=0.0001,,
NCT06942923,"A Study to Investigate the Safety, Tolerability and Pharmacodynamics of AZD4144 in Participants With Obesity",COMPLETED,PHASE1,INTERVENTIONAL,0,NO_RESULTS,HIGH,1,0,,,,,,,,,,
NCT03204825,Pain Management and Patient Education for Physical Activity in Intermittent Claudication (PrEPAID),COMPLETED,,INTERVENTIONAL,1,UNCLEAR,LOW,1,0,,,,,,,,,,
NCT00696124,Safety Study of Gene Therapy in Treating Critical Leg Ischemia,COMPLETED,PHASE1,INTERVENTIONAL,1,UNCLEAR,LOW,1,0,,,,,,,,,,
NCT01064440,Safety and Efficacy Study Using Gene Therapy for Critical Limb Ischemia,COMPLETED,PHASE2,INTERVENTIONAL,1,UNCLEAR,LOW,1,1,U,UNCLEAR,LOW,UNRESOLVED,Number of Participants With Treatment-emergent Adverse Events Following Intramuscular Administration of 8 and 16 mg Engensis (VM202) or Placebo in Subjects With Critical Limb Ischemia.,"Baseline - Days 0, 14, 28, 42, 49, 90, 180, 270 and 365",,Structured CT.gov extraction from resultsSection.outcomeMeasuresModule.outcomeMeasures (PRIMARY).,,PubMed search by NCTId; pmids=
NCT07200804,Relationship Between Serum Vitamin D and Atherosclerosis in Hemodialysis Patients,COMPLETED,,OBSERVATIONAL,0,NO_RESULTS,HIGH,0,0,,,,,,,,,,
NCT07196280,Protective Effect of 5-Alpha Reductase Inhibitors on Atherosclerotic Cardiovascular Disease in Populations With BPH: Evidence From UK Biobank Cohort and Chinese Single Center Database Studies,COMPLETED,,OBSERVATIONAL,0,NO_RESULTS,HIGH,0,0,,,,,,,,,,
NCT02685098,A Clinical and Histological Analysis of Mesenchymal Stem Cells in Amputation,COMPLETED,PHASE1,INTERVENTIONAL,0,NO_RESULTS,HIGH,1,0,,,,,,,,,,
NCT04152291,The Effect of E-EPA on Circulating LDL and Plasma Lipid Metabolism,COMPLETED,,INTERVENTIONAL,1,UNCLEAR,LOW,1,0,,,,,,,,,,
NCT05142722,Randomized Study to Evaluate the Effect of Obicetrapib on Top of Maximum Tolerated Lipid-Modifying Therapies,COMPLETED,PHASE3,INTERVENTIONAL,1,UNCLEAR,LOW,1,1,Y,POSITIVE,MED,CTGOV_STRUCTURED,Percent Change in Low-Density Lipoprotein Cholesterol (LDL-C) From Baseline to Day 84 [PUC],84 Days,p=0.0001,Structured CT.gov extraction from resultsSection.outcomeMeasuresModule.outcomeMeasures (PRIMARY). p=0.0001,,
NCT07172308,High Risk Atherosclerosis Identified at Cardiac CT Among Patients With vs Without Family History of CAD,COMPLETED,,OBSERVATIONAL,0,NO_RESULTS,HIGH,0,0,,,,,,,,,,
NCT03084523,Treatment Targets for Inflamed Intracranial Atherosclerosis on Vessel Wall MRI,COMPLETED,PHASE1,INTERVENTIONAL,0,NO_RESULTS,HIGH,1,0,,,,,,,,,,
NCT07169682,Effects of IL17/23 Inhibitors on Markers of Subclinical Atherosclerosis in Patients With Psoriasis,COMPLETED,,OBSERVATIONAL,0,NO_RESULTS,HIGH,0,0,,,,,,,,,,
NCT01447745,Abdominal Fat and Imaging Measurements of Heart Disease,COMPLETED,,OBSERVATIONAL,0,NO_RESULTS,HIGH,0,0,,,,,,,,,,
NCT05873452,Kaitoh Atherectomy FIH,COMPLETED,,INTERVENTIONAL,0,NO_RESULTS,HIGH,1,0,,,,,,,,,,
NCT05761444,Effectiveness and Safety Study of Early add-on of Ezetimibe With Atorvastatin in Very High-risk Patients,COMPLETED,PHASE4,INTERVENTIONAL,1,UNCLEAR,LOW,1,1,Y,POSITIVE,MED,CTGOV_STRUCTURED,Percentage Change From Baseline in Low-Density Lipoprotein Cholesterol at Week 6,Baseline (Day 1) and Week 6,p=0.0001,Structured CT.gov extraction from resultsSection.outcomeMeasuresModule.outcomeMeasures (PRIMARY). p=0.0001,,
NCT06497478,Evolutionary Aspects of Polydistrict Atherosclerosis,COMPLETED,,OBSERVATIONAL,0,NO_RESULTS,HIGH,0,0,,,,,,,,,,
NCT05358353,A Prospective Single-Arm Multicenter StuDy of the BarE TEmporary SPur StEnt System foR the tREatment of Vascular Lesions Located in the infrapoplitEal Arteries beLow the Knee (DEEPER REVEAL),COMPLETED,,INTERVENTIONAL,1,UNCLEAR,LOW,1,0,,,,,,,,,,
NCT06065345,BRight Pharmacokinetic Study,COMPLETED,,INTERVENTIONAL,0,NO_RESULTS,HIGH,1,0,,,,,,,,,,
NCT04440839,Implementation of Telemedicine for Patient With Lower Extremity Wounds,COMPLETED,,INTERVENTIONAL,1,UNCLEAR,LOW,1,0,,,,,,,,,,
NCT05009602,Diagnostic Tools to Establish the Presence and Severity of Peripheral Arterial Disease in People With Diabetes,COMPLETED,,OBSERVATIONAL,1,UNCLEAR,LOW,0,0,,,,,,,,,,
NCT03900026,Effect of Evolocumab on Saphenous Vein Graft Patency Following Coronary Artery Bypass Surgery,COMPLETED,PHASE4,INTERVENTIONAL,0,NO_RESULTS,HIGH,1,1,,,,,,,,,,
NCT07136883,DCB Outcomes After Plain or Scoring Balloon for Vessel Preparation in Patients With Femoropopliteal Arterial Disease,COMPLETED,,INTERVENTIONAL,0,NO_RESULTS,HIGH,1,0,,,,,,,,,,
NCT06827171,Impact of LLL and Aerobic Exercise on Peripheral Arterial Outcomes in Patients With Type 2 Diabetes,COMPLETED,PHASE2,INTERVENTIONAL,0,NO_RESULTS,HIGH,1,1,,,,,,,,,,
NCT05335161,A New Heat Therapy Device for Home-based Leg Heating in Patients With Lower-extremity Peripheral Artery Disease,COMPLETED,PHASE1,INTERVENTIONAL,1,UNCLEAR,LOW,1,0,,,,,,,,,,
NCT04222751,Static Muscular Stretching for Treatment of PAD,COMPLETED,,INTERVENTIONAL,0,NO_RESULTS,HIGH,1,0,,,,,,,,,,
NCT06181799,Volatilome and Single-Lead Electrocardiogram Optimize Ischemic Heart Disease Diagnosis Using Machine Learning Models,COMPLETED,,OBSERVATIONAL,1,UNCLEAR,LOW,0,0,,,,,,,,,,
NCT07123610,"Mediterranean Diet Education in Shift Nurses: Effects on Sleep, Activity, and Health Parameters",COMPLETED,,INTERVENTIONAL,0,NO_RESULTS,HIGH,1,0,,,,,,,,,,
NCT02769273,Stellarex Vascular E-Registry,COMPLETED,,OBSERVATIONAL,0,NO_RESULTS,HIGH,0,0,,,,,,,,,,
NCT05635370,Data Analysis for Drug Repurposing for Effective Alzheimer's Medicines (DREAM)- Pentoxifylline Versus Cilostazol,COMPLETED,,OBSERVATIONAL,1,UNCLEAR,LOW,0,0,,,,,,,,,,
NCT04751890,Structured Home-based Exercise Versus Walking Advice in Claudication Patients: a Randomized-controlled Trial,COMPLETED,,INTERVENTIONAL,0,NO_RESULTS,HIGH,1,0,,,,,,,,,,
NCT05399680,Evaluation of Safety and Efficacy of the S.M.A.R.T. RADIANZ™ Vascular Stent System in the Treatment of Iliac and Femoropopliteal Lesions Via Transradial Access,COMPLETED,,INTERVENTIONAL,1,UNCLEAR,LOW,1,0,,,,,,,,,,
NCT04950634,Sexual Dimorphism in Cardiovascular Autonomic Neuropathy in Patients With Type 1 Diabetes,COMPLETED,,OBSERVATIONAL,0,NO_RESULTS,HIGH,0,0,,,,,,,,,,
NCT03511612,Comparison of the Ankle-Brachial Index Measurement Using a Specific Oscillometric Device vs. the Doppler Method,COMPLETED,,INTERVENTIONAL,0,NO_RESULTS,HIGH,1,0,,,,,,,,,,
NCT06644651,Fat Around Heart Arteries as a Measure of Inflammation in Patients With Diabetes,COMPLETED,,OBSERVATIONAL,0,NO_RESULTS,HIGH,0,0,,,,,,,,,,
NCT07093632,Medium-term Results of Lower Limb Arterial Bypass,COMPLETED,,OBSERVATIONAL,0,NO_RESULTS,HIGH,0,0,,,,,,,,,,
NCT04083456,Dysvascular Amputation Self-Management of Health,COMPLETED,PHASE2,INTERVENTIONAL,0,NO_RESULTS,HIGH,1,1,,,,,,,,,,
NCT05535907,BOLT Lithotripsy RESTORE BTK Trial,COMPLETED,,INTERVENTIONAL,0,NO_RESULTS,HIGH,1,0,,,,,,,,,,
NCT02807779,Intima Versus Adventitia Drug Delivery to Elucidate Mechanisms of Restenosis: Magnetic Resonance Imaging,COMPLETED,PHASE4,INTERVENTIONAL,1,UNCLEAR,LOW,1,1,N,NEGATIVE,MED,CTGOV_STRUCTURED,Change in Percent Wall Volume (PWV),From Post-Operative Day One to 12 Months,p=0.22,Structured CT.gov extraction from resultsSection.outcomeMeasuresModule.outcomeMeasures (PRIMARY). p=0.22,,
NCT05680935,microRNAs in the Diagnosis of Atherosclerotic Plaque Instability,COMPLETED,,INTERVENTIONAL,0,NO_RESULTS,HIGH,1,0,,,,,,,,,,
NCT04382443,Oral Colchicine in Argentina to Prevent Restenosis,COMPLETED,PHASE4,INTERVENTIONAL,0,NO_RESULTS,HIGH,1,1,,,,,,,,,,
NCT05610280,"A Study of Olezarsen (ISIS 678354) in Participants With Hypertriglyceridemia and Atherosclerotic Cardiovascular Disease, or With Severe Hypertriglyceridemia",COMPLETED,PHASE3,INTERVENTIONAL,0,NO_RESULTS,HIGH,1,1,,,,,,,,,,
NCT02963649,IN.PACT BTK Randomized Study to Assess Safety and Efficacy of IN.PACT 014 vs. PTA,COMPLETED,,INTERVENTIONAL,1,UNCLEAR,LOW,1,0,,,,,,,,,,
NCT04191746,BEST vCLI Registry,COMPLETED,,OBSERVATIONAL,0,NO_RESULTS,HIGH,0,0,,,,,,,,,,
NCT05888740,Feasibility Study to Evaluate Therapeutic Ultrasound (TUS) to Acutely Increase the Perfusion in Peripheral Arterial Disease (PAD),COMPLETED,,INTERVENTIONAL,1,UNCLEAR,LOW,1,0,,,,,,,,,,
NCT05537571,Evaluate SLN360 in Participants With Elevated Lipoprotein(a) at High Risk of Atherosclerotic Cardiovascular Disease Events,COMPLETED,PHASE2,INTERVENTIONAL,1,UNCLEAR,LOW,1,1,Y,POSITIVE,MED,CTGOV_STRUCTURED,Time-averaged Percent Change In Lipoprotein(a) Molar Concentration From Baseline to Week 36,Week 36,"p=0.0001, p=0.0001, p=0.0001","Structured CT.gov extraction from resultsSection.outcomeMeasuresModule.outcomeMeasures (PRIMARY). p=0.0001, p=0.0001, p=0.0001",,
NCT04061018,"The Genetic, Protein, and Lipid Basis of Variation in Cholesterol Efflux",COMPLETED,,OBSERVATIONAL,0,NO_RESULTS,HIGH,0,0,,,,,,,,,,
NCT05858905,FORWARD PAD IDE Study With the Shockwave Javelin IVL Catheter,COMPLETED,,INTERVENTIONAL,1,UNCLEAR,LOW,1,0,,,,,,,,,,
NCT07037979,Sarcopenia and Peripheral Artery Disease With Chronic Limb Threatening Ischemia,COMPLETED,,OBSERVATIONAL,0,NO_RESULTS,HIGH,0,0,,,,,,,,,,
NCT05118178,Atherosclerosis in Chemotherapy-related Cardiotoxicity,COMPLETED,,OBSERVATIONAL,0,NO_RESULTS,HIGH,0,0,,,,,,,,,,
NCT06404515,Telehealth Group Counseling and Preventive Care for Women,COMPLETED,,INTERVENTIONAL,0,NO_RESULTS,HIGH,1,0,,,,,,,,,,
NCT07023445,Patterns of Inclisiran Use in the Real World: An Analysis of US Databases,COMPLETED,,OBSERVATIONAL,0,NO_RESULTS,HIGH,0,0,,,,,,,,,,
NCT05100745,A Non-significant Risk Clinical Study to Assess Perfusion Changes With Application of a TUS for Patients With PAD,COMPLETED,,INTERVENTIONAL,0,NO_RESULTS,HIGH,1,0,,,,,,,,,,
NCT06164977,Chronic Total Coronary Occlusion Treatment Results 6 Years After Bioresorbable Scaffold Implantation,COMPLETED,,INTERVENTIONAL,0,NO_RESULTS,HIGH,1,0,,,,,,,,,,
NCT04460482,Near-infrared Spectroscopy Guided Percutaneous Coronary Intervention in Patients With Acute Myocardial Infarction,COMPLETED,,INTERVENTIONAL,0,NO_RESULTS,HIGH,1,0,,,,,,,,,,
NCT05192941,"Study of Efficacy, Safety, Tolerability and Quality of Life of Inclisiran (KJX839) vs Placebo, on Top of Ongoing Individually Optimized Lipid-lowering Therapy, in Participants With Hypercholesterolemia",COMPLETED,PHASE4,INTERVENTIONAL,0,NO_RESULTS,HIGH,1,1,,,,,,,,,,
NCT04539704,Assessing Impacts of Static Magnetic Fields on Peripheral Pulses and Skin Blood Flow,COMPLETED,,INTERVENTIONAL,0,NO_RESULTS,HIGH,1,0,,,,,,,,,,
NCT05058456,Mini S Feasibility Study With Shockwave Medical Mini S Peripheral IVL System,COMPLETED,,INTERVENTIONAL,1,UNCLEAR,LOW,1,0,,,,,,,,,,
NCT06692764,A Study to Assess the Effect of AZD0780 on Ambulatory Blood Pressure,COMPLETED,PHASE2,INTERVENTIONAL,0,NO_RESULTS,HIGH,1,1,,,,,,,,,,
NCT04992065,A Research Study Looking at How NNC0385-0434 Tablets Work to Lower Blood Cholesterol in People With Heart Disease or a High Risk of Heart Disease,COMPLETED,PHASE2,INTERVENTIONAL,1,UNCLEAR,LOW,1,1,Y,POSITIVE,MED,CTGOV_STRUCTURED,Percentage Change in Low-density Lipoprotein (LDL)-Cholesterol,"Baseline (week 0), week 12","p=0.0001, p=0.0001, p=0.0001","Structured CT.gov extraction from resultsSection.outcomeMeasuresModule.outcomeMeasures (PRIMARY). p=0.0001, p=0.0001, p=0.0001",,
NCT06443814,Multicenter Trial of Meditation and Health Education for Cardiometabolic Disease in Black Women,COMPLETED,PHASE2,INTERVENTIONAL,0,NO_RESULTS,HIGH,1,1,,,,,,,,,,
NCT06001203,Foot Reflexology and Pain and Ankle Brachial Index and Walking Impairement,COMPLETED,,INTERVENTIONAL,0,NO_RESULTS,HIGH,1,0,,,,,,,,,,
NCT03990545,Vessel Wall MR Imaging to Explore Sex-Differences of Intracranial Arterial Wall Changes After Suspected Stroke,COMPLETED,,OBSERVATIONAL,0,NO_RESULTS,HIGH,0,0,,,,,,,,,,
NCT06659718,Emulation of the SOUL Diabetes Trial in Healthcare Claims,COMPLETED,,OBSERVATIONAL,0,NO_RESULTS,HIGH,0,0,,,,,,,,,,
NCT06986369,Effects of Rivaroxaban on Vascular FMD in Patients With Stable Atherosclerotic Vascular Diseases,COMPLETED,PHASE4,INTERVENTIONAL,0,NO_RESULTS,HIGH,1,1,,,,,,,,,,
NCT02471638,DETOUR I Clinical Study for Percutaneous Femoropopliteal Bypass,COMPLETED,,INTERVENTIONAL,1,UNCLEAR,LOW,1,0,,,,,,,,,,
NCT06874751,Semaglutide Effects on Cardiovascular Outcomes in People With Overweight or Obesity in the Real World,COMPLETED,,OBSERVATIONAL,0,NO_RESULTS,HIGH,0,0,,,,,,,,,,
NCT05436977,Synergy Between morpHOlogical and inflammatoRy Evaluation in Predicting Long-term Coronary Plaque Progression,COMPLETED,,INTERVENTIONAL,0,NO_RESULTS,HIGH,1,0,,,,,,,,,,
NCT04929249,"A Randomized Study to Evaluate the Effect of an ""Inclisiran First"" Implementation Strategy Compared to Usual Care in Patients With Atherosclerotic Cardiovascular Disease and Elevated LDL-C Despite Receiving Maximally Tolerated Statin Therapy (VICTORION-INITIATE)",COMPLETED,PHASE3,INTERVENTIONAL,1,UNCLEAR,LOW,1,1,Y,POSITIVE,MED,CTGOV_STRUCTURED,Percent Change From Baseline in LDL-C,"Baseline, Day 330",p=0.001,Structured CT.gov extraction from resultsSection.outcomeMeasuresModule.outcomeMeasures (PRIMARY). p=0.001,,
NCT05741827,YOUhealTH - a Study to Improve Cardiovascular Health in Adolescents and Adults,COMPLETED,,INTERVENTIONAL,0,NO_RESULTS,HIGH,1,0,,,,,,,,,,
NCT04270760,Olpasiran Trials of Cardiovascular Events And LipoproteiN(a) Reduction - DOSE Finding Study,COMPLETED,PHASE2,INTERVENTIONAL,1,UNCLEAR,LOW,1,1,Y,POSITIVE,MED,CTGOV_STRUCTURED,Percentage Change From Baseline in Lipoprotein(a) (Lp[a]) at Week 36,Baseline and Week 36,"p=0.001, p=0.001, p=0.001","Structured CT.gov extraction from resultsSection.outcomeMeasuresModule.outcomeMeasures (PRIMARY). p=0.001, p=0.001, p=0.001",,
NCT06122961,Levels of Inflammation in People With Cardiovascular Disease (POSEIDON),COMPLETED,,OBSERVATIONAL,0,NO_RESULTS,HIGH,0,0,,,,,,,,,,
NCT05398029,A Study of VERVE-101 in Patients With Familial Hypercholesterolemia and Cardiovascular Disease,COMPLETED,PHASE1,INTERVENTIONAL,0,NO_RESULTS,HIGH,1,0,,,,,,,,,,
NCT05145439,A Non-significant Risk Clinical Study of Therapeutic Ultrasound for Patients With Diabetic Foot Ulcers.,COMPLETED,,INTERVENTIONAL,1,UNCLEAR,LOW,1,0,,,,,,,,,,
NCT06367803,Cost Analysis of Vascular Surgical Techniques,COMPLETED,,OBSERVATIONAL,0,NO_RESULTS,HIGH,0,0,,,,,,,,,,
NCT04748965,Imaging-Guided Vessel Sizing in the Tibial Arteries,COMPLETED,,OBSERVATIONAL,0,NO_RESULTS,HIGH,0,0,,,,,,,,,,
NCT06048588,YN001 in Healthy Subjects and Patients With Coronary Atherosclerosis,COMPLETED,"PHASE1,PHASE2",INTERVENTIONAL,0,NO_RESULTS,HIGH,1,1,,,,,,,,,,
NCT04032197,A Research Study of How Semaglutide Works in People With Disease Affecting the Heart and/or Blood Vessels and Type 2 Diabetes,COMPLETED,PHASE1,INTERVENTIONAL,0,NO_RESULTS,HIGH,1,0,,,,,,,,,,
NCT04377126,Unacylated Ghrelin to Improve Functioning in PAD,COMPLETED,PHASE2,INTERVENTIONAL,0,NO_RESULTS,HIGH,1,1,,,,,,,,,,
NCT06052319,A Study to Assess the Engagement and Usefulness of Care4Today Digital Platform for Disease Management in Coronary Artery Disease (CAD) and/or Peripheral Artery Disease (PAD) Population,COMPLETED,,OBSERVATIONAL,0,NO_RESULTS,HIGH,0,0,,,,,,,,,,
NCT04755335,Ultrasonic Perfusion Estimation in Calf Muscle,COMPLETED,,OBSERVATIONAL,0,NO_RESULTS,HIGH,0,0,,,,,,,,,,
NCT06933745,Ultrasound Assessment of Atherosclerotic Plaque Burden and Cardiovascular Risk: A 10-Year Prospective Study,COMPLETED,,OBSERVATIONAL,0,NO_RESULTS,HIGH,0,0,,,,,,,,,,
NCT02887859,Humacyte's HAV for Femoro-Popliteal Bypass in Patients With PAD,COMPLETED,PHASE2,INTERVENTIONAL,1,UNCLEAR,LOW,1,1,U,UNCLEAR,LOW,UNRESOLVED,"Number of Participants With Aneurysm Formation, Anastomotic Bleeding or Spontaneous Rupture, HAV Infection, HAV Removal, and Significant Inflammation at the HAV Implantation Site",12 months,,Structured CT.gov extraction from resultsSection.outcomeMeasuresModule.outcomeMeasures (PRIMARY).,,PubMed search by NCTId; pmids=
NCT02900924,Observational Study to Evaluate the BioMimics 3D Stent System: MIMICS-3D,COMPLETED,,OBSERVATIONAL,1,UNCLEAR,LOW,0,0,,,,,,,,,,
NCT00765310,Lipoic Acid and Prevention of Heart Disease,COMPLETED,PHASE1,INTERVENTIONAL,0,NO_RESULTS,HIGH,1,0,,,,,,,,,,
NCT00764270,The Role of R-Alpha Lipoic Acid in the Treatment of Atherosclerotic Vascular Disease,COMPLETED,"PHASE2,PHASE3",INTERVENTIONAL,0,NO_RESULTS,HIGH,1,1,,,,,,,,,,
NCT06913348,Ultrasound-Guided Sciatic Popliteal Nerve Block vs. Erector Spinae Plane Block in Endovascular Management of CLI,COMPLETED,,OBSERVATIONAL,0,NO_RESULTS,HIGH,0,0,,,,,,,,,,
NCT03119233,The DETOUR 2 Clinical Trial,COMPLETED,,INTERVENTIONAL,1,UNCLEAR,LOW,1,0,,,,,,,,,,
NCT03506633,Impacts of Mitochondrial-targeted Antioxidant on Peripheral Artery Disease Patients,COMPLETED,,INTERVENTIONAL,1,UNCLEAR,LOW,1,0,,,,,,,,,,
NCT05611021,Acute Responses to Arm-Crank Exercise on Cardiovascular Function of Patients With Peripheral Artery Disease,COMPLETED,,INTERVENTIONAL,0,NO_RESULTS,HIGH,1,0,,,,,,,,,,
NCT02098460,To Compare the Effect of Concomitant Administration of Probucol and Cilostazol With Probucol Single Treatment on the Atherosclerosis Related Markers (Including the Thickness of the Achilles Tendon) and Evaluate Safety (Based on Atorvastatin Treatment) in Severe Hypercholesterolemia Subject,COMPLETED,PHASE4,INTERVENTIONAL,0,NO_RESULTS,HIGH,1,1,,,,,,,,,,
NCT00823849,Study of Cilostazol and Probucol to Assess Their Effects on Atherosclerosis Related Biomarker,COMPLETED,PHASE4,INTERVENTIONAL,0,NO_RESULTS,HIGH,1,1,,,,,,,,,,
NCT06895265,Potential Cross-Talk Between Arterial Calcifications,COMPLETED,,OBSERVATIONAL,0,NO_RESULTS,HIGH,0,0,,,,,,,,,,
NCT05563246,A Study of LY3473329 in Adult Participants With Elevated Lipoprotein(a) at High Risk for Cardiovascular Events,COMPLETED,PHASE2,INTERVENTIONAL,1,UNCLEAR,LOW,1,1,Y,POSITIVE,MED,CTGOV_STRUCTURED,Percent Change From Baseline in Lp(a) - Assessed Via Intact Lp(a) Assay,"Baseline, Week 12","p=0.001, p=0.001, p=0.001","Structured CT.gov extraction from resultsSection.outcomeMeasuresModule.outcomeMeasures (PRIMARY). p=0.001, p=0.001, p=0.001",,
NCT03241459,Safety and Efficacy of the SurVeil™ Drug-Coated Balloon,COMPLETED,,INTERVENTIONAL,1,UNCLEAR,LOW,1,0,,,,,,,,,,
NCT05129241,Non-interventional Study on the Monthly Administration of 300 mg AliRocumab (PRALUENT®) With the 2 ml SYDNEY Auto-injector,COMPLETED,,OBSERVATIONAL,0,NO_RESULTS,HIGH,0,0,,,,,,,,,,
NCT06565819,Important Parameters of NIR-II Imaging in the Early Diagnosis of Lower Extremity Peripheral Artery Disease,COMPLETED,,OBSERVATIONAL,0,NO_RESULTS,HIGH,0,0,,,,,,,,,,
NCT04062734,Endovascular Treatment of Aorto-iliac Disease Using in Situ Fenestration,COMPLETED,,OBSERVATIONAL,0,NO_RESULTS,HIGH,0,0,,,,,,,,,,
NCT03479255,Smartstep Smartphone PAD,COMPLETED,,INTERVENTIONAL,0,NO_RESULTS,HIGH,1,0,,,,,,,,,,
NCT03018366,"Atherosclerosis, Immune Mediated Inflammation and Hypoestrogenemia in Young Women",COMPLETED,PHASE2,INTERVENTIONAL,1,UNCLEAR,LOW,1,1,U,UNCLEAR,LOW,UNRESOLVED,Rate of Change of Reactive Hyperemia Index (RHI) by Peripheral Arterial Tonometry,"Baseline, week 12 on trial",,Structured CT.gov extraction from resultsSection.outcomeMeasuresModule.outcomeMeasures (PRIMARY).,37610989,PubMed search by NCTId; pmids=37610989
NCT01285999,"Prospective, Randomized, Multicenter Trial to Assess PROMUS™ Element™ Stent",COMPLETED,,INTERVENTIONAL,1,UNCLEAR,LOW,1,0,,,,,,,,,,
NCT03347383,Clinical Trial Investigating the Combination Therapy With Luminor DCB and iVolution Stent in TASC C and D Femoropopliteal Lesions,COMPLETED,,INTERVENTIONAL,1,UNCLEAR,LOW,1,0,,,,,,,,,,
NCT04881110,Liraglutide and Peripheral Artery Disease,COMPLETED,PHASE4,INTERVENTIONAL,1,UNCLEAR,LOW,1,1,Y,POSITIVE,MED,CTGOV_STRUCTURED,Peripheral Transcutaneous Oxygen Pressure,6 months,"p=0.001, p=0.001","Structured CT.gov extraction from resultsSection.outcomeMeasuresModule.outcomeMeasures (PRIMARY). p=0.001, p=0.001",,
NCT04937179,The Effect of Ischemic Conditioning on Strength and Ambulation in Subjects with PAD,COMPLETED,,INTERVENTIONAL,0,NO_RESULTS,HIGH,1,0,,,,,,,,,,
NCT06199869,Cardiovascular Patients With no Standard Modifiable Risk Factors,COMPLETED,,OBSERVATIONAL,0,NO_RESULTS,HIGH,0,0,,,,,,,,,,
NCT02921230,Trial Comparing ELUVIA Versus Bare Metal Stent in Treatment of Superficial Femoral and/or Proximal Popliteal Artery,COMPLETED,,INTERVENTIONAL,1,UNCLEAR,LOW,1,0,,,,,,,,,,
NCT05445375,STEPUP Clinical Trial,COMPLETED,,INTERVENTIONAL,0,NO_RESULTS,HIGH,1,0,,,,,,,,,,
NCT06729385,Blood Proteome Profiling Identifies Biomarkers in Ischemic Stroke,COMPLETED,,OBSERVATIONAL,0,NO_RESULTS,HIGH,0,0,,,,,,,,,,
NCT04610892,Efficacy and Safety of MEDI6570 in Patients With a History of Myocardial Infarction,COMPLETED,PHASE2,INTERVENTIONAL,1,UNCLEAR,LOW,1,1,N,NEGATIVE,MED,CTGOV_STRUCTURED,"Change From Baseline to Day 253 in Non-calcified Plaque Volume in the Most Diseased Coronary Segment (NCPVMD), as Measured by Computed Tomography Angiography (CTA) Imaging",From baseline to Day 253,"p=0.065, p=0.563, p=0.685","Structured CT.gov extraction from resultsSection.outcomeMeasuresModule.outcomeMeasures (PRIMARY). p=0.065, p=0.563, p=0.685",,
NCT03981380,11C-PIB PET Study in MESA at Columbia University,COMPLETED,,OBSERVATIONAL,0,NO_RESULTS,HIGH,0,0,,,,,,,,,,
NCT06077552,Effect of Pyramidal Training on Selected Risk Factors of Atherosclerosis,COMPLETED,,INTERVENTIONAL,0,NO_RESULTS,HIGH,1,0,,,,,,,,,,
NCT03349996,Belgian Trial Investigating the LifeStream Stent in Complex TASC C and D Iliac Lesions,COMPLETED,,INTERVENTIONAL,0,NO_RESULTS,HIGH,1,0,,,,,,,,,,
NCT05613907,Can a Dedicated Chronic Limb-threatening Ischaemia (CLTI) Clinic Improve Patient Self-reported Quality of Life,COMPLETED,,OBSERVATIONAL,1,NEGATIVE,MED,0,0,,,,,,,,,,
NCT03636152,Management of Cardiovascular Disease in Kidney Disease (MaCK) Study,COMPLETED,PHASE2,INTERVENTIONAL,0,NO_RESULTS,HIGH,1,1,,,,,,,,,,
NCT05662787,BOLT Lithotripsy RESTORE ATK Trial,COMPLETED,,INTERVENTIONAL,0,NO_RESULTS,HIGH,1,0,,,,,,,,,,
NCT03426293,Measuring the ACT During Non-cardiac Arterial Procedures.,COMPLETED,,OBSERVATIONAL,0,NO_RESULTS,HIGH,0,0,,,,,,,,,,
NCT04536012,Gamification-Augmented Home-Based Exercise for Peripheral Artery Disease,COMPLETED,,INTERVENTIONAL,1,UNCLEAR,LOW,1,0,,,,,,,,,,
NCT04903756,The PERCEIVE Study,COMPLETED,,OBSERVATIONAL,0,NO_RESULTS,HIGH,0,0,,,,,,,,,,
NCT03911141,Behavioral Economic Approaches to Increase Physical Activity Among Patients With Elevated Risk for Cardiovascular Disease,COMPLETED,,INTERVENTIONAL,1,UNCLEAR,LOW,1,0,,,,,,,,,,
NCT03960463,EO2 Oxygen Delivery To Study Success Rate of Surgically Closed Wounds,COMPLETED,,INTERVENTIONAL,1,UNCLEAR,LOW,1,0,,,,,,,,,,
NCT05730621,A Study to Compare the Effects of Sarpogrelate Sustained Release /Aspirin Combination Therapy Versus Aspirin on Blood Viscosity in the Patients With Peripheral Arterial Disease and Coronary Artery Disease,COMPLETED,PHASE4,INTERVENTIONAL,0,NO_RESULTS,HIGH,1,1,,,,,,,,,,
NCT05159219,Colchicine for the Prevention of Vascular Events After an Acute Intracerebral Hemorrhage,COMPLETED,PHASE2,INTERVENTIONAL,0,NO_RESULTS,HIGH,1,1,,,,,,,,,,
NCT03743636,Nicotinamide Riboside With and Without Resveratrol to Improve Functioning in Peripheral Artery Disease,COMPLETED,PHASE3,INTERVENTIONAL,1,UNCLEAR,LOW,1,1,N,NEGATIVE,MED,CTGOV_STRUCTURED,Six-minute Walk Distance (NR Alone vs. Placebo),Baseline to 6-month follow-up,p=0.0775,Structured CT.gov extraction from resultsSection.outcomeMeasuresModule.outcomeMeasures (PRIMARY). p=0.0775,,
NCT03473223,Study to Investigate CSL112 in Subjects With Acute Coronary Syndrome,COMPLETED,PHASE3,INTERVENTIONAL,1,UNCLEAR,LOW,1,1,N,NEGATIVE,MED,CTGOV_STRUCTURED,"Number of Participants With First Occurrence of Any Component of Composite MACE (CV Death, MI, or Stroke)",From the time of randomization through 90 days,p=0.121,Structured CT.gov extraction from resultsSection.outcomeMeasuresModule.outcomeMeasures (PRIMARY). p=0.121,,
NCT06020534,Aortoiliac Stenosis in Kidney Transplantation,COMPLETED,,OBSERVATIONAL,1,UNCLEAR,LOW,0,0,,,,,,,,,,
NCT06753604,Gremlin-1 and Wagner Classification: Potential Biomarker for Amputation in Diabetic Foot Patients,COMPLETED,,OBSERVATIONAL,0,NO_RESULTS,HIGH,0,0,,,,,,,,,,
NCT05073510,Clinical Evaluation of the BlueDop Vascular Expert for Assessing Peripheral Arterial Disease,COMPLETED,,OBSERVATIONAL,1,UNCLEAR,LOW,0,0,,,,,,,,,,
NCT05797376,Effects of aSPIrin Versus Aspirin Plus Low-dose RIvaroxaban on Carotid aTherosclerotic Plaque Inflammation,COMPLETED,PHASE4,INTERVENTIONAL,0,NO_RESULTS,HIGH,1,1,,,,,,,,,,
NCT04167761,Ertugliflozin: Cardioprotective Effects on Epicardial Fat,COMPLETED,EARLY_PHASE1,INTERVENTIONAL,0,NO_RESULTS,HIGH,1,0,,,,,,,,,,
NCT05901246,Anti-eryptotic Effect of a Food Supplement with Plants Sterols in Hypercholesterolemia Treated with Statins,COMPLETED,,INTERVENTIONAL,0,NO_RESULTS,HIGH,1,0,,,,,,,,,,
NCT06061211,Treadmill with TENS on Functional Capacity &muscle Oxygenation in PAD Patients,COMPLETED,,INTERVENTIONAL,0,NO_RESULTS,HIGH,1,0,,,,,,,,,,
NCT02863926,Use of Autologous Concentrated Bone Marrow Aspirate in Preventing Wound Complications in Below Knee Amputation (BKA),COMPLETED,PHASE1,INTERVENTIONAL,1,UNCLEAR,LOW,1,0,,,,,,,,,,
NCT03721939,BEnefit of Arterial Preparation by LONGitudinal Scoring,COMPLETED,,INTERVENTIONAL,0,NO_RESULTS,HIGH,1,0,,,,,,,,,,
NCT06718465,Integrated Informatics-imaging Approaches to Cardiovascular Disease.,COMPLETED,,OBSERVATIONAL,0,NO_RESULTS,HIGH,0,0,,,,,,,,,,
NCT03921905,"Peripheral Artery Disease in Patients With Stable Coronary Artery Disease in General Practice: Prevalence, Management and Clinical Outcomes.",COMPLETED,,OBSERVATIONAL,0,NO_RESULTS,HIGH,0,0,,,,,,,,,,
NCT05355402,"A Study of Olezarsen (Formerly Known as AKCEA-APOCIII-LRx) in Adults With Hypertriglyceridemia and Atherosclerotic Cardiovascular Disease (Established or at Increased Risk for), and/or With Severe Hypertriglyceridemia",COMPLETED,PHASE2,INTERVENTIONAL,0,NO_RESULTS,HIGH,1,1,,,,,,,,,,
NCT03506646,Dietary Nitrate Supplementation and Thermoregulation,COMPLETED,,INTERVENTIONAL,1,UNCLEAR,LOW,1,0,,,,,,,,,,
NCT06702202,Effect of Subarachnoid Block and Femoropopliteal Block to Limb Perfusion in PAD Patients,COMPLETED,,INTERVENTIONAL,0,NO_RESULTS,HIGH,1,0,,,,,,,,,,
NCT05284240,"Prospective, Multi-center, Single-arm Study of the Auryon Laser System for Treatment of Below-the-Knee (BTK) Arteries",COMPLETED,,INTERVENTIONAL,0,NO_RESULTS,HIGH,1,0,,,,,,,,,,
NCT04304105,Natural Progression of High-Risk Chronic Limb-Threatening Ischemia: The CLariTI Study,COMPLETED,,OBSERVATIONAL,0,NO_RESULTS,HIGH,0,0,,,,,,,,,,
NCT06407154,"Chronical Illness-related Limitations of the Ability to Cope with Rising Temperatures: an Observational Study, 2nd Wave",COMPLETED,,OBSERVATIONAL,0,NO_RESULTS,HIGH,0,0,,,,,,,,,,
NCT04042311,High Intensity Interval Training In pATiEnts With Intermittent Claudication,COMPLETED,,INTERVENTIONAL,1,UNCLEAR,LOW,1,0,,,,,,,,,,
NCT01872208,Evaluation of the Safety and Efficacy of a Vascular Prosthesis as an Above-Knee Bypass Graft in Patients With PAD,COMPLETED,,INTERVENTIONAL,0,NO_RESULTS,HIGH,1,0,,,,,,,,,,
NCT03845543,Belgian-Italian Trial to Evaluate the Efficacy and Safety of Below The Knee (BTK) Treatment With the Luminor 14 Paclitaxel Coated Percutaneous Transluminal Angioplasty Balloon Catheter of iVascular,COMPLETED,,INTERVENTIONAL,1,UNCLEAR,LOW,1,0,,,,,,,,,,
NCT06332833,Availability of Venous Conduits in Patients With Varicose Veins for Arterial Bypass Surgery,COMPLETED,,OBSERVATIONAL,0,NO_RESULTS,HIGH,0,0,,,,,,,,,,
NCT04663867,AngioSafe Peripheral CTO Crossing System Study (RESTOR-1 Study),COMPLETED,,INTERVENTIONAL,0,NO_RESULTS,HIGH,1,0,,,,,,,,,,
NCT05831319,"Evaluation of Standard of Care Practices, Procedural Outcomes and In-hospital Complications of Peripheral Endovascular Procedures",COMPLETED,,OBSERVATIONAL,0,NO_RESULTS,HIGH,0,0,,,,,,,,,,
NCT03455855,Jetstream in Treatment of Occlusive Atherosclerotic Lesions in the SFA and/or PPA,COMPLETED,,INTERVENTIONAL,1,UNCLEAR,LOW,1,0,,,,,,,,,,
NCT03064126,RANGER™ Paclitaxel Coated Balloon vs Standard Balloon Angioplasty,COMPLETED,PHASE3,INTERVENTIONAL,1,UNCLEAR,LOW,1,1,Y,POSITIVE,MED,CTGOV_STRUCTURED,Number of Participants With Primary Lesion Patency,12 months (RCT); 6 months (LB substudy),p=0.0017,Structured CT.gov extraction from resultsSection.outcomeMeasuresModule.outcomeMeasures (PRIMARY). p=0.0017,,
NCT05421078,A Dose-Finding Study in Japanese Patients to Evaluate the Effect of Obicetrapib as an Adjunct to Stable Statin Therapy.,COMPLETED,PHASE2,INTERVENTIONAL,1,UNCLEAR,LOW,1,1,Y,POSITIVE,MED,CTGOV_STRUCTURED,Mean Percent Change in Low-Density Lipoprotein Cholesterol (LDL-C) [Friedewald],8 Weeks,"p=0.0001, p=0.0001, p=0.0001","Structured CT.gov extraction from resultsSection.outcomeMeasuresModule.outcomeMeasures (PRIMARY). p=0.0001, p=0.0001, p=0.0001",,
NCT03368144,Belgian Trial Evaluating the ClearLumen II Peripheral Thrombectomy System Recanalization of (sub)acute Thrombotic Femoropopliteal Occlusions,COMPLETED,,INTERVENTIONAL,0,NO_RESULTS,HIGH,1,0,,,,,,,,,,
NCT02376010,Rivaroxaban Versus Warfarin in the Evaluation of Progression of Coronary Calcium,COMPLETED,PHASE4,INTERVENTIONAL,1,UNCLEAR,LOW,1,1,U,UNCLEAR,LOW,UNRESOLVED,Coronary Artery Calcium (Serial Calcium Scans),1 year,,Structured CT.gov extraction from resultsSection.outcomeMeasuresModule.outcomeMeasures (PRIMARY).,,PubMed search by NCTId; pmids=
NCT02873052,MyoVista Measurements in Patients With Atherosclerosis and CAD,COMPLETED,,OBSERVATIONAL,0,NO_RESULTS,HIGH,0,0,,,,,,,,,,
NCT04625660,Detour2 Continued Access Study,COMPLETED,,INTERVENTIONAL,0,NO_RESULTS,HIGH,1,0,,,,,,,,,,
NCT06342609,Effect of Colchicine on Progression of Known Coronary Atherosclerosis in Patients With Stable Coronary Artery Disease,COMPLETED,PHASE4,INTERVENTIONAL,0,NO_RESULTS,HIGH,1,1,,,,,,,,,,
NCT04807400,Study in Primary Care Evaluating Inclisiran Delivery Implementation + Enhanced Support,COMPLETED,PHASE3,INTERVENTIONAL,1,UNCLEAR,LOW,1,1,Y,POSITIVE,MED,CTGOV_STRUCTURED,Percentage Change in LDL-C From Baseline to Day 270,"Baseline, Day 270","p=0.001, p=0.001","Structured CT.gov extraction from resultsSection.outcomeMeasuresModule.outcomeMeasures (PRIMARY). p=0.001, p=0.001",,
NCT02501018,Study to Assess the Efficacy and Safety of CLBS12 in Patients with Critical Limb Ischemia (CLI),COMPLETED,PHASE2,INTERVENTIONAL,0,NO_RESULTS,HIGH,1,1,,,,,,,,,,
NCT03669042,"Post-market, Prospective Evaluation of PHOTO-oxidized Bovine Pericardium in Vascular Surgery",COMPLETED,,INTERVENTIONAL,1,UNCLEAR,LOW,1,0,,,,,,,,,,
NCT04124315,Using Smartphone Sensor Technology to Characterize Ambulatory Patterns of Participants With Peripheral Artery Disease,COMPLETED,,OBSERVATIONAL,0,NO_RESULTS,HIGH,0,0,,,,,,,,,,
NCT02910271,Clinical Features and Prevalence of Asymptomatic Peripheral Artery Disease in Patients With Type 1 Diabetes Mellitus,COMPLETED,,OBSERVATIONAL,0,NO_RESULTS,HIGH,0,0,,,,,,,,,,
NCT05456802,Effect of Acute Cardiovascular Disease on Microbiome,COMPLETED,,OBSERVATIONAL,0,NO_RESULTS,HIGH,0,0,,,,,,,,,,
NCT04274049,Safety and Efficacy Study Using Gene Therapy for Critical Limb Ischemia (NL003-CLI-III-2),COMPLETED,PHASE3,INTERVENTIONAL,0,NO_RESULTS,HIGH,1,1,,,,,,,,,,
NCT05403593,Registry of Emergent Large VeSsel OCclUsion DuE to IntraCranial AtherosclerosiS,COMPLETED,,OBSERVATIONAL,0,NO_RESULTS,HIGH,0,0,,,,,,,,,,
NCT04706273,GORE® VIABAHN® Endoprosthesis Post-Marketing Surveillance Study (JPS 16-03),COMPLETED,,OBSERVATIONAL,1,UNCLEAR,LOW,0,0,,,,,,,,,,
NCT04275323,Safety and Efficacy Study Using Gene Therapy for Critical Limb Ischemia (NL003-CLI-III-1),COMPLETED,PHASE3,INTERVENTIONAL,0,NO_RESULTS,HIGH,1,1,,,,,,,,,,
NCT04018846,The Future of Revascularization Using a Bioprotec Graft,COMPLETED,,OBSERVATIONAL,0,NO_RESULTS,HIGH,0,0,,,,,,,,,,
NCT03414515,Endovascular Treatment of Peripheral Artery Disease (PAD),COMPLETED,,OBSERVATIONAL,0,NO_RESULTS,HIGH,0,0,,,,,,,,,,
NCT04394715,Pragmatic Trial of Messaging to Providers About Treatment of Hyperlipidemia (PROMPT-LIPID),COMPLETED,,INTERVENTIONAL,1,UNCLEAR,LOW,1,0,,,,,,,,,,
NCT03006770,"Efficacy, Tolerability and Safety of Intramuscular Injections of PLX PAD for the Treatment of Subjects With Critical Limb Ischemia (CLI) With Minor Tissue Loss Who Are Unsuitable for Revascularization",COMPLETED,PHASE3,INTERVENTIONAL,0,NO_RESULTS,HIGH,1,1,,,,,,,,,,
NCT04661644,Efficacy and Safety of Mesenchymal Stem Cell Clusters in Patients with Critical Limb Ischemia,COMPLETED,"PHASE1,PHASE2",INTERVENTIONAL,0,NO_RESULTS,HIGH,1,1,,,,,,,,,,
NCT04631055,AcoArt sICAS: DCB in the Treatment of Symptomatic Intracranial Atherosclerotic Stenosis,COMPLETED,,INTERVENTIONAL,0,NO_RESULTS,HIGH,1,0,,,,,,,,,,
NCT05134545,Compare the Effectiveness and Safety of Genoss® DCB and IN.PACT Admiral® DCB in Patients With Peripheral Artery Disease,COMPLETED,,INTERVENTIONAL,0,NO_RESULTS,HIGH,1,0,,,,,,,,,,
NCT03457662,Sonodynamic Therapy Manipulates Atherosclerosis Regression Trial on Patients With PAD and Claudication,COMPLETED,"PHASE1,PHASE2",INTERVENTIONAL,0,NO_RESULTS,HIGH,1,1,,,,,,,,,,
NCT02106429,Platelet Activity in Vascular Surgery and Cardiovascular Events,COMPLETED,,OBSERVATIONAL,1,UNCLEAR,LOW,0,0,,,,,,,,,,
NCT02902211,Improving Mobility in Peripheral Artery Disease Using an Ankle Foot Orthosis,COMPLETED,,INTERVENTIONAL,1,UNCLEAR,LOW,1,0,,,,,,,,,,
NCT01799811,Cryopreserved Saphenous Vein Allograft in Patients With Critical Limb Ischemia for Peripheral Revascularization,COMPLETED,,OBSERVATIONAL,0,NO_RESULTS,HIGH,0,0,,,,,,,,,,
NCT03253328,N-Acetyl-Cysteine (NAC) for Healing of Amputation Stumps in the Setting of Diabetes,COMPLETED,EARLY_PHASE1,INTERVENTIONAL,1,UNCLEAR,LOW,1,0,,,,,,,,,,
NCT00653835,Ezetimibe Plus Simvastatin Versus Simvastatin in Untreated Subjects With High Cholesterol (P03435),COMPLETED,PHASE4,INTERVENTIONAL,0,NO_RESULTS,HIGH,1,1,,,,,,,,,,
NCT00552097,Effect of Ezetimibe Plus Simvastatin Versus Simvastatin Alone on Atherosclerosis in the Carotid Artery (ENHANCE)(P02578),COMPLETED,PHASE3,INTERVENTIONAL,0,NO_RESULTS,HIGH,1,1,,,,,,,,,,
NCT00166530,EASEGO Study: Doubling of Atorvastatin/Simvastatin or INEGY in Patients With Hypercholesterolemia and Coronary Artery Disease(CAD)(0653A-089),COMPLETED,PHASE4,INTERVENTIONAL,0,NO_RESULTS,HIGH,1,1,,,,,,,,,,
NCT00650663,Ezetimibe Plus Simvastatin Versus Simvastatin Alone in African-American Subjects With Primary Hypercholesterolemia (P03377),COMPLETED,PHASE4,INTERVENTIONAL,0,NO_RESULTS,HIGH,1,1,,,,,,,,,,
NCT00653796,Ezetimibe Plus Atorvastatin Versus Atorvastatin in Untreated Subjects With High Cholesterol (P03434),COMPLETED,PHASE4,INTERVENTIONAL,0,NO_RESULTS,HIGH,1,1,,,,,,,,,,
NCT00651274,Comparison of Co-administration of Ezetimibe Plus Simvastatin Versus Simvastatin Alone in Primary Hypercholesterolemia (P03476),COMPLETED,PHASE4,INTERVENTIONAL,0,NO_RESULTS,HIGH,1,1,,,,,,,,,,
NCT04496544,Safety Assessment of Femoropopliteal Endovascular Treatment With PAclitaxel-coated Devices (SAFE-PAD Study),COMPLETED,,OBSERVATIONAL,0,NO_RESULTS,HIGH,0,0,,,,,,,,,,
NCT04250675,Intermittent Pneumatic Compression to Improve Revascularization Outcome,COMPLETED,,INTERVENTIONAL,1,UNCLEAR,LOW,1,0,,,,,,,,,,
NCT04853719,Rivaroxaban 2.5 mg BID and Aspirin for Intermittent Claudication in PAD Patients,COMPLETED,PHASE4,INTERVENTIONAL,0,NO_RESULTS,HIGH,1,1,,,,,,,,,,
NCT04828447,Recipe for Heart Health,COMPLETED,,INTERVENTIONAL,0,NO_RESULTS,HIGH,1,0,,,,,,,,,,
NCT03507777,ILUMIEN IV: OPTIMAL Percutaneous Coronary Intervention (PCI),COMPLETED,,INTERVENTIONAL,1,UNCLEAR,LOW,1,0,,,,,,,,,,
NCT06322641,A Study to Understand the Real-world Awareness and Perceptions of Systemic inFLAMmation and rolE of hsCRP as a Biomarker in Patients With AtheroSclerotic CardioVascular Disease and Chronic Kidney Disease Among Nephrologists,COMPLETED,,OBSERVATIONAL,0,NO_RESULTS,HIGH,0,0,,,,,,,,,,
NCT05659888,Real Life Lipid Management in Hospitals Not Participating in PENELOPE Trial - Control Population for PENELOPE,COMPLETED,,OBSERVATIONAL,0,NO_RESULTS,HIGH,0,0,,,,,,,,,,
NCT01397721,Pulmonary Vascular Changes in Early Chronic Obstructive Pulmonary,COMPLETED,,OBSERVATIONAL,0,NO_RESULTS,HIGH,0,0,,,,,,,,,,
NCT06507852,"A Real-world Study of Inclisiran Adherence, Treatment Patterns, Patient Characteristics, and Effectiveness in ASCVD Patients With Hypercholesterolemia, ASCVD-risk Equivalent Patients With Hypercholesterolemia and Familial Hypercholesterolemia",COMPLETED,,OBSERVATIONAL,0,NO_RESULTS,HIGH,0,0,,,,,,,,,,
NCT04141579,Functional Improvement of Coronary Artery Narrowing by Cholesterol Reduction With a PCSK9 Antibody,COMPLETED,,INTERVENTIONAL,0,NO_RESULTS,HIGH,1,0,,,,,,,,,,
NCT03689946,Effect of Evolocumab on Coronary Atherosclerosis,COMPLETED,PHASE3,INTERVENTIONAL,1,UNCLEAR,LOW,1,1,U,UNCLEAR,LOW,UNRESOLVED,Change in Noncalcified Coronary Artery Plaque Volume (NCPV),baseline (pre-treatment) and 18 months after of treatment,,Structured CT.gov extraction from resultsSection.outcomeMeasuresModule.outcomeMeasures (PRIMARY).,"40178463,39343355","PubMed search by NCTId; pmids=40178463,39343355"
NCT04753606,Randomized Study of Obicetrapib as an Adjunct to Statin Therapy,COMPLETED,PHASE2,INTERVENTIONAL,1,UNCLEAR,LOW,1,1,Y,POSITIVE,MED,CTGOV_STRUCTURED,Mean Percent Change in Low-Density Lipoprotein Cholesterol (LDL-C) [Friedewald],8-weeks,"p=0.0001, p=0.0001","Structured CT.gov extraction from resultsSection.outcomeMeasuresModule.outcomeMeasures (PRIMARY). p=0.0001, p=0.0001",,
NCT04470687,Ultrafast Ultrasound Imaging Assesment of Carotid Plaque Neovascularization,COMPLETED,,INTERVENTIONAL,0,NO_RESULTS,HIGH,1,0,,,,,,,,,,
NCT03871725,Sonodynamic Therapy in the Treatment of Carotid Atherosclerosis,COMPLETED,PHASE1,INTERVENTIONAL,0,NO_RESULTS,HIGH,1,0,,,,,,,,,,
NCT04710420,"Prospective Multicenter Registry on the Endovascular Treatment in Critical Limb Threatening Ischemia With Below the Knee Lesions With Wound, Ischemia, and Foot Infection (WIFI) Assessment",COMPLETED,,OBSERVATIONAL,0,NO_RESULTS,HIGH,0,0,,,,,,,,,,
NCT03085524,The Impact of Diabetes on REvascularization,COMPLETED,,OBSERVATIONAL,0,NO_RESULTS,HIGH,0,0,,,,,,,,,,
NCT05947994,Elucidate Outcomes of Elective High-grade/Total Occlusion Intracranial Arteries Using Low-profile Self-expanding Stent,COMPLETED,,INTERVENTIONAL,0,NO_RESULTS,HIGH,1,0,,,,,,,,,,
NCT05266586,Study to Evaluate the Effect of Obicetrapib in Combination With Ezetimibe as an Adjunct to HIS Therapy,COMPLETED,PHASE2,INTERVENTIONAL,1,UNCLEAR,LOW,1,1,Y,POSITIVE,MED,CTGOV_STRUCTURED,Mean Percent Change in Low-Density Lipoprotein Cholesterol (LDL-C) for Combination Treatment Group Compared With the Placebo Group [Friedewald],12-weeks,p=0.0001,Structured CT.gov extraction from resultsSection.outcomeMeasuresModule.outcomeMeasures (PRIMARY). p=0.0001,,
NCT03586739,Evaluation of Covered Stents Versus Bare Metal Stents for Endovascular Treatment of Chronic Ischemia Mesenteric Disease.,COMPLETED,,INTERVENTIONAL,0,NO_RESULTS,HIGH,1,0,,,,,,,,,,
NCT03551496,The DES BTK Vascular Stent System vs PTA in Subjects With Critical Limb Ischemia,COMPLETED,PHASE3,INTERVENTIONAL,1,UNCLEAR,LOW,1,1,U,UNCLEAR,LOW,UNRESOLVED,Number of Participants With Primary Patency,12 months,,Structured CT.gov extraction from resultsSection.outcomeMeasuresModule.outcomeMeasures (PRIMARY).,37844137,PubMed search by NCTId; pmids=37844137
NCT05189847,Clinical Register Studying the therApeutic Patient Population With Multifocal Atherosclerosis,COMPLETED,,OBSERVATIONAL,0,NO_RESULTS,HIGH,0,0,,,,,,,,,,
NCT02607033,Exercise and Weight Loss in PAD,COMPLETED,,INTERVENTIONAL,1,UNCLEAR,LOW,1,0,,,,,,,,,,
NCT02316782,Bifurcation Lesion Analysis and STenting / BLAST,COMPLETED,,OBSERVATIONAL,0,NO_RESULTS,HIGH,0,0,,,,,,,,,,
NCT04235023,PTP1B Implication in the Vascular Dysfunction Associated With Obstructive Sleep Apnea,COMPLETED,,INTERVENTIONAL,0,NO_RESULTS,HIGH,1,0,,,,,,,,,,
NCT06436001,Comparing BlueDop Vascular Expert to Ankle-Brachial Index in the Identification of Peripheral Vascular Disease,COMPLETED,,OBSERVATIONAL,0,NO_RESULTS,HIGH,0,0,,,,,,,,,,
NCT03363165,Hepatocyte Growth Factor to Improve Functioning in PAD,COMPLETED,PHASE2,INTERVENTIONAL,1,UNCLEAR,LOW,1,1,N,NEGATIVE,MED,CTGOV_STRUCTURED,Six-minute Walk Distance,Change from baseline to six-month follow-up in six-minute walk distance,p=0.7586,Structured CT.gov extraction from resultsSection.outcomeMeasuresModule.outcomeMeasures (PRIMARY). p=0.7586,,
NCT03190382,SHOWME-PAD (Peripheral Artery Disease),COMPLETED,,INTERVENTIONAL,0,NO_RESULTS,HIGH,1,0,,,,,,,,,,
NCT03171259,SCOPE CLI (Shifting Care and Outcomes for Patients With Endangered Limbs - Critical Limb Ischemia),COMPLETED,,OBSERVATIONAL,0,NO_RESULTS,HIGH,0,0,,,,,,,,,,
NCT04525794,BRight DCB First-in-Human Study,COMPLETED,,INTERVENTIONAL,0,NO_RESULTS,HIGH,1,0,,,,,,,,,,
NCT04865588,Rotational Atherectomy Combined With Cutting Balloon to Optimize Stent Expansion in Calcified Lesions,COMPLETED,,INTERVENTIONAL,1,UNCLEAR,LOW,1,0,,,,,,,,,,
NCT00496834,LAAS (Losartan Anti-Atherosclerosis Study)(0954-330)(COMPLETED),COMPLETED,PHASE4,INTERVENTIONAL,1,UNCLEAR,LOW,1,1,U,UNCLEAR,LOW,UNRESOLVED,Pulse Wave Velocity (PWV) Changes From Baseline (Visit 2) to 24 Weeks (Visit 6) After the Administration of the Study Drug,Baseline and 24 Weeks,,Structured CT.gov extraction from resultsSection.outcomeMeasuresModule.outcomeMeasures (PRIMARY).,,PubMed search by NCTId; pmids=
NCT05742841,EMERALD (Emergency Medicine Cardiovascular Risk Assessment for Lipid Disorders),COMPLETED,PHASE4,INTERVENTIONAL,1,UNCLEAR,LOW,1,1,U,UNCLEAR,LOW,UNRESOLVED,Low-density Lipoprotein Cholesterol (LDL-C) Levels at Baseline and Day 30,Baseline and Day 30,,Structured CT.gov extraction from resultsSection.outcomeMeasuresModule.outcomeMeasures (PRIMARY).,,PubMed search by NCTId; pmids=
NCT03124875,PROMISE I Early Feasibility Trial of the LimFlow Stent Graft System,COMPLETED,,INTERVENTIONAL,1,UNCLEAR,LOW,1,0,,,,,,,,,,
NCT02991703,"Simplified Pulse Wave Velocity Measurement, Validation Study of the pOpmètre in Children",COMPLETED,,INTERVENTIONAL,0,NO_RESULTS,HIGH,1,0,,,,,,,,,,
NCT03738631,Cardiac Biomarkers After Marathon Running and Coronary Atherosclerosis,COMPLETED,,OBSERVATIONAL,0,NO_RESULTS,HIGH,0,0,,,,,,,,,,
NCT05974345,In Silico Study Assessing the Impact of Inclisiran on Major Adverse Cardiovascular Events in Patients With Established Cardiovascular Disease,COMPLETED,,OBSERVATIONAL,0,NO_RESULTS,HIGH,0,0,,,,,,,,,,
NCT01674257,Metabolic Imaging in Carotid Atherosclerosis,COMPLETED,,OBSERVATIONAL,0,NO_RESULTS,HIGH,0,0,,,,,,,,,,
NCT04770389,Randomized Study of Obicetrapib in Combination With Ezetimibe,COMPLETED,PHASE2,INTERVENTIONAL,1,UNCLEAR,LOW,1,1,Y,POSITIVE,MED,CTGOV_STRUCTURED,Mean Percent Change in Low-Density Lipoprotein Cholesterol (LDL-C) From Baseline to Day 57: Obicetrapib in Combination With Ezetimibe Compared to Placebo [Friedewald],8 weeks,p=0.0001,Structured CT.gov extraction from resultsSection.outcomeMeasuresModule.outcomeMeasures (PRIMARY). p=0.0001,,
NCT02939924,Treatment of Patients With Lesions in the Superficial Femoral and/ or Popliteal Arteries Using Kanshas Paclitaxel-coated Balloon Catheter.,COMPLETED,,INTERVENTIONAL,0,NO_RESULTS,HIGH,1,0,,,,,,,,,,
NCT05203887,Short- and Long-term Outcomes of Stenting for Symptomatic Intracranial Arterial Stenosis: a Cohort Study,COMPLETED,,OBSERVATIONAL,0,NO_RESULTS,HIGH,0,0,,,,,,,,,,
NCT02936622,Paclitaxel-coated Peripheral Stents Used in the Treatment of Femoropopliteal Stenoses,COMPLETED,,INTERVENTIONAL,0,NO_RESULTS,HIGH,1,0,,,,,,,,,,
NCT03193619,Real World Registry Assessing the Clinical Use of the Bard UltraScore Forced Focus PTA Balloon,COMPLETED,,OBSERVATIONAL,1,UNCLEAR,LOW,0,0,,,,,,,,,,
NCT05639244,Time Restricted Eating and Innate Immunity,COMPLETED,,INTERVENTIONAL,0,NO_RESULTS,HIGH,1,0,,,,,,,,,,
NCT05619042,Detection of Coronary Artery Calcifications by Whole Blood Transcriptome Analyzed by Artificial InTelligence Algorithms,COMPLETED,,OBSERVATIONAL,0,NO_RESULTS,HIGH,0,0,,,,,,,,,,
NCT02080520,Nattokinase Atherothrombotic Prevention Study,COMPLETED,,INTERVENTIONAL,1,UNCLEAR,LOW,1,0,,,,,,,,,,
NCT05733325,Diet-induced Elevations in LDL-C and Progression of Atherosclerosis,COMPLETED,,OBSERVATIONAL,0,NO_RESULTS,HIGH,0,0,,,,,,,,,,
NCT04103034,"A SAD/MAD Study of Safety, Tolerability and Pharmacologic Activity of BT200 in Normal Volunteers",COMPLETED,PHASE1,INTERVENTIONAL,1,UNCLEAR,LOW,1,0,,,,,,,,,,
NCT00362518,Vitamins C and Vitamin E and Cardiovascular Risk,COMPLETED,PHASE3,INTERVENTIONAL,0,NO_RESULTS,HIGH,1,1,,,,,,,,,,
NCT00534014,Vitamin C and Cardiovascular Risk,COMPLETED,,INTERVENTIONAL,0,NO_RESULTS,HIGH,1,0,,,,,,,,,,
NCT05752968,Elevated Levels of Antibodies to Endotoxin Core in Hemodialysis Patients With Peripheral Artery Disease,COMPLETED,,OBSERVATIONAL,0,NO_RESULTS,HIGH,0,0,,,,,,,,,,
NCT01930071,PQ Bypass Guide Wire Delivery System for Femoropopliteal Bypass,COMPLETED,,INTERVENTIONAL,0,NO_RESULTS,HIGH,1,0,,,,,,,,,,
NCT03490968,The Impact of Branched-Chain Amino Acid Metabolism on Limb Dysfunction in PAD,COMPLETED,,INTERVENTIONAL,0,NO_RESULTS,HIGH,1,0,,,,,,,,,,
NCT06167265,BE Study of Once Daily PMR Compared to Twice Daily Cilostazol Tablets in Healthy Volunteers,COMPLETED,PHASE1,INTERVENTIONAL,0,NO_RESULTS,HIGH,1,0,,,,,,,,,,
NCT06094686,Epicardial Adipose Tissue Thickness and the Related Factors in Patients With Ankylosing Spondylitis,COMPLETED,,OBSERVATIONAL,0,NO_RESULTS,HIGH,0,0,,,,,,,,,,
NCT04271280,Treatment of High and Very High riSk Dyslipidemic pAtients for the PreveNTion of CardiOvasculaR Events,COMPLETED,,OBSERVATIONAL,1,UNCLEAR,LOW,0,0,,,,,,,,,,
NCT02163408,3D Multi-Contrast Atherosclerosis Characterization of the Carotid Artery,COMPLETED,,OBSERVATIONAL,0,NO_RESULTS,HIGH,0,0,,,,,,,,,,
NCT04107298,Safety and Feasibility of Surmodics SUNDANCE™ Drug Coated Balloon,COMPLETED,,INTERVENTIONAL,0,NO_RESULTS,HIGH,1,0,,,,,,,,,,
NCT05536960,Dotatate to Locate Coronary Plaques at High-risk of Myocardial Infarction,COMPLETED,,INTERVENTIONAL,0,NO_RESULTS,HIGH,1,0,,,,,,,,,,
NCT06187532,Carotid Plaque-Burden Scale and Outcomes. A Real Life Study,COMPLETED,,OBSERVATIONAL,0,NO_RESULTS,HIGH,0,0,,,,,,,,,,
NCT04400409,Implementation of Vascular Care Team to Improve Medical Management of PAD Patients,COMPLETED,,INTERVENTIONAL,0,NO_RESULTS,HIGH,1,0,,,,,,,,,,
NCT02931188,The Effect of Anacetrapib on Vascular Function and Arterial Stiffness,COMPLETED,,OBSERVATIONAL,0,NO_RESULTS,HIGH,0,0,,,,,,,,,,
NCT03421561,ILLUMENATE Pivotal Post-Approval Study (PAS),COMPLETED,,INTERVENTIONAL,1,UNCLEAR,LOW,1,0,,,,,,,,,,
NCT06173960,3-year Follow-up of Patients Treated With Jetstream Combined With Ranger for Calcified Femoropopliteal Lesions,COMPLETED,,OBSERVATIONAL,0,NO_RESULTS,HIGH,0,0,,,,,,,,,,
NCT04186676,Myocardial Infarction With Non-Obstructive Coronary Arteries in the Greek Population,COMPLETED,,OBSERVATIONAL,0,NO_RESULTS,HIGH,0,0,,,,,,,,,,
