ensembl_id	gene_symbol	gene_name	disease_id	disease_name	ot_score
ENSG00000169174	PCSK9	proprotein convertase subtilisin/kexin type 9	EFO_0003914	atherosclerosis	0.6934824430264998
ENSG00000130164	LDLR	low density lipoprotein receptor	EFO_0003914	atherosclerosis	0.5979819247731218
ENSG00000143921	ABCG8	ATP binding cassette subfamily G member 8	EFO_0003914	atherosclerosis	0.5979814832560088
ENSG00000113161	HMGCR	3-hydroxy-3-methylglutaryl-CoA reductase	EFO_0003914	atherosclerosis	0.5928335670931727
ENSG00000130203	APOE	apolipoprotein E	EFO_0003914	atherosclerosis	0.5910793505202376
ENSG00000198670	LPA	lipoprotein(a)	EFO_0003914	atherosclerosis	0.5883520326697216
ENSG00000134243	SORT1	sortilin 1	EFO_0003914	atherosclerosis	0.5826339793689836
ENSG00000169313	P2RY12	purinergic receptor P2Y12	EFO_0003914	atherosclerosis	0.5693779603744904
ENSG00000176884	GRIN1	glutamate ionotropic receptor NMDA type subunit 1	EFO_0003914	atherosclerosis	0.5687956528345287
ENSG00000105464	GRIN2D	glutamate ionotropic receptor NMDA type subunit 2D	EFO_0003914	atherosclerosis	0.5592841046299349
ENSG00000183454	GRIN2A	glutamate ionotropic receptor NMDA type subunit 2A	EFO_0003914	atherosclerosis	0.5590993147025926
ENSG00000273079	GRIN2B	glutamate ionotropic receptor NMDA type subunit 2B	EFO_0003914	atherosclerosis	0.5587297348479079
ENSG00000116032	GRIN3B	glutamate ionotropic receptor NMDA type subunit 3B	EFO_0003914	atherosclerosis	0.5587297348479079
ENSG00000161509	GRIN2C	glutamate ionotropic receptor NMDA type subunit 2C	EFO_0003914	atherosclerosis	0.5587297348479079
ENSG00000198785	GRIN3A	glutamate ionotropic receptor NMDA type subunit 3A	EFO_0003914	atherosclerosis	0.5587297348479079
ENSG00000182511	FES	FES proto-oncogene, tyrosine kinase	EFO_0003914	atherosclerosis	0.552752240209903
ENSG00000143126	CELSR2	cadherin EGF LAG seven-pass G-type receptor 2	EFO_0003914	atherosclerosis	0.5517969834158968
ENSG00000087237	CETP	cholesteryl ester transfer protein	EFO_0003914	atherosclerosis	0.5443849966010462
ENSG00000167772	ANGPTL4	angiopoietin like 4	EFO_0003914	atherosclerosis	0.5431836579104148
ENSG00000187498	COL4A1	collagen type IV alpha 1 chain	EFO_0003914	atherosclerosis	0.5382911161099758
ENSG00000151617	EDNRA	endothelin receptor type A	EFO_0003914	atherosclerosis	0.5352861182560611
ENSG00000043591	ADRB1	adrenoceptor beta 1	EFO_0003914	atherosclerosis	0.5337143745930076
ENSG00000165757	JCAD	junctional cadherin 5 associated	EFO_0003914	atherosclerosis	0.5336639059158791
ENSG00000182218	HHIPL1	HHIP like 1	EFO_0003914	atherosclerosis	0.528144762214704
ENSG00000091732	ZC3HC1	zinc finger C3HC-type containing 1	EFO_0003914	atherosclerosis	0.5204614703258108
ENSG00000198732	SMOC1	SPARC related modular calcium binding 1	EFO_0003914	atherosclerosis	0.5153336181138226
ENSG00000147883	CDKN2B	cyclin dependent kinase inhibitor 2B	EFO_0003914	atherosclerosis	0.5144919470567034
ENSG00000175003	SLC22A1	solute carrier family 22 member 1	EFO_0003914	atherosclerosis	0.5143055179083429
ENSG00000134871	COL4A2	collagen type IV alpha 2 chain	EFO_0003914	atherosclerosis	0.5046912556479551
ENSG00000126218	F10	coagulation factor X	EFO_0003914	atherosclerosis	0.5045355815948622
ENSG00000135100	HNF1A	HNF1 homeobox A	EFO_0003914	atherosclerosis	0.4974891903812905
ENSG00000147889	CDKN2A	cyclin dependent kinase inhibitor 2A	EFO_0003914	atherosclerosis	0.4969735694878218
ENSG00000169252	ADRB2	adrenoceptor beta 2	EFO_0003914	atherosclerosis	0.4963498223004398
ENSG00000115414	FN1	fibronectin 1	EFO_0003914	atherosclerosis	0.4950791504305884
ENSG00000124762	CDKN1A	cyclin dependent kinase inhibitor 1A	EFO_0003914	atherosclerosis	0.49390546104116057
ENSG00000111252	SH2B3	SH2B adaptor protein 3	EFO_0003914	atherosclerosis	0.4932546628834889
ENSG00000148737	TCF7L2	transcription factor 7 like 2	EFO_0003914	atherosclerosis	0.4917383131222601
ENSG00000164116	GUCY1A1	guanylate cyclase 1 soluble subunit alpha 1	EFO_0003914	atherosclerosis	0.4819631188726465
ENSG00000107798	LIPA	lipase A, lysosomal acid type	EFO_0003914	atherosclerosis	0.4797578235786319
ENSG00000262406	MMP12	matrix metallopeptidase 12	EFO_0003914	atherosclerosis	0.47929663689738955
ENSG00000162407	PLPP3	phospholipid phosphatase 3	EFO_0003914	atherosclerosis	0.47317558791791814
ENSG00000181104	F2R	coagulation factor II thrombin receptor	EFO_0003914	atherosclerosis	0.4713675935162425
ENSG00000212710	CTAGE1	cutaneous T cell lymphoma-associated antigen 1	EFO_0003914	atherosclerosis	0.4692349330015443
ENSG00000131473	ACLY	ATP citrate lyase	EFO_0003914	atherosclerosis	0.4684085778601395
ENSG00000118526	TCF21	transcription factor 21	EFO_0003914	atherosclerosis	0.468116016994599
ENSG00000112137	PHACTR1	phosphatase and actin regulator 1	EFO_0003914	atherosclerosis	0.4658634929271883
ENSG00000165029	ABCA1	ATP binding cassette subfamily A member 1	EFO_0003914	atherosclerosis	0.46506640502115726
ENSG00000154305	MIA3	MIA SH3 domain ER export factor 3	EFO_0003914	atherosclerosis	0.465064571393717
ENSG00000138075	ABCG5	ATP binding cassette subfamily G member 5	EFO_0003914	atherosclerosis	0.4650619624706602
ENSG00000160712	IL6R	interleukin 6 receptor	EFO_0003914	atherosclerosis	0.4635397003141484
ENSG00000197249	SERPINA1	serpin family A member 1	EFO_0003914	atherosclerosis	0.4569221709328964
ENSG00000136378	ADAMTS7	ADAM metallopeptidase with thrombospondin type 1 motif 7	EFO_0003914	atherosclerosis	0.45333175932505665
ENSG00000140564	FURIN	furin, paired basic amino acid cleaving enzyme	EFO_0003914	atherosclerosis	0.45316723118322866
ENSG00000165895	ARHGAP42	Rho GTPase activating protein 42	EFO_0003914	atherosclerosis	0.4529300835683127
ENSG00000101665	SMAD7	SMAD family member 7	EFO_0003914	atherosclerosis	0.45147584563842014
ENSG00000136244	IL6	interleukin 6	EFO_0003914	atherosclerosis	0.4511623197965603
ENSG00000166033	HTRA1	HtrA serine peptidase 1	EFO_0003914	atherosclerosis	0.45085336362194434
ENSG00000185787	MORF4L1	mortality factor 4 like 1	EFO_0003914	atherosclerosis	0.44987194071027475
ENSG00000149257	SERPINH1	serpin family H member 1	EFO_0003914	atherosclerosis	0.4487012198477682
ENSG00000198734	F5	coagulation factor V	EFO_0003914	atherosclerosis	0.4465400134181981
ENSG00000130479	MAP1S	microtubule associated protein 1S	MONDO_0021661	coronary atherosclerosis	0.4446190205692966
ENSG00000114790	ARHGEF26	Rho guanine nucleotide exchange factor 26	EFO_0003914	atherosclerosis	0.4425688288578761
ENSG00000175445	LPL	lipoprotein lipase	EFO_0003914	atherosclerosis	0.43755931257338376
ENSG00000112273	HDGFL1	HDGF like 1	EFO_0003914	atherosclerosis	0.4369823884287209
ENSG00000114054	PCCB	propionyl-CoA carboxylase subunit beta	EFO_0003914	atherosclerosis	0.43687497812229725
ENSG00000084674	APOB	apolipoprotein B	EFO_0003914	atherosclerosis	0.4350933198198188
ENSG00000166949	SMAD3	SMAD family member 3	EFO_0003914	atherosclerosis	0.43445459786254914
ENSG00000112210	RAB23	RAB23, member RAS oncogene family	EFO_0003914	atherosclerosis	0.4319430258243348
ENSG00000171132	PRKCE	protein kinase C epsilon	EFO_0003914	atherosclerosis	0.43165499915066285
ENSG00000143153	ATP1B1	ATPase Na+/K+ transporting subunit beta 1	MONDO_0021661	coronary atherosclerosis	0.42529756178653394
ENSG00000154127	UBASH3B	ubiquitin associated and SH3 domain containing B	EFO_0003914	atherosclerosis	0.4250151639704404
ENSG00000140945	CDH13	cadherin 13	EFO_0003914	atherosclerosis	0.4221466513576126
ENSG00000122194	PLG	plasminogen	EFO_0003914	atherosclerosis	0.4212966747083029
ENSG00000099810	MTAP	methylthioadenosine phosphorylase	EFO_0003914	atherosclerosis	0.4168272487469348
ENSG00000122691	TWIST1	twist family bHLH transcription factor 1	EFO_0003914	atherosclerosis	0.41658387102474304
ENSG00000177425	PAWR	pro-apoptotic WT1 regulator	EFO_0003914	atherosclerosis	0.41408232034366227
ENSG00000107960	STN1	STN1 subunit of CST complex	MONDO_0021661	coronary atherosclerosis	0.413400818708
ENSG00000140718	FTO	FTO alpha-ketoglutarate dependent dioxygenase	EFO_0003914	atherosclerosis	0.41293725749578347
ENSG00000079308	TNS1	tensin 1	EFO_0003914	atherosclerosis	0.41203177871904917
ENSG00000089225	TBX5	T-box transcription factor 5	MONDO_0021661	coronary atherosclerosis	0.41134607560110265
ENSG00000105329	TGFB1	transforming growth factor beta 1	EFO_0003914	atherosclerosis	0.4101170595209628
ENSG00000158186	MRAS	muscle RAS oncogene homolog	EFO_0003914	atherosclerosis	0.40945023067459607
ENSG00000180287	PLD5	phospholipase D family member 5	EFO_0003914	atherosclerosis	0.40840752182195295
ENSG00000084093	REST	RE1 silencing transcription factor	EFO_0003914	atherosclerosis	0.4081287432443488
ENSG00000073756	PTGS2	prostaglandin-endoperoxide synthase 2	EFO_0003914	atherosclerosis	0.40717347971159357
ENSG00000108219	TSPAN14	tetraspanin 14	EFO_0003914	atherosclerosis	0.40671047896005724
ENSG00000095303	PTGS1	prostaglandin-endoperoxide synthase 1	EFO_0003914	atherosclerosis	0.40594408662856507
ENSG00000085511	MAP3K4	mitogen-activated protein kinase kinase kinase 4	EFO_0003914	atherosclerosis	0.40497193910440427
ENSG00000146411	SLC2A12	solute carrier family 2 member 12	EFO_0003914	atherosclerosis	0.40215125577526095
ENSG00000142611	PRDM16	PR/SET domain 16	EFO_0003914	atherosclerosis	0.3977190679561354
ENSG00000164626	KCNK5	potassium two pore domain channel subfamily K member 5	MONDO_0021661	coronary atherosclerosis	0.3970999436175029
ENSG00000080644	CHRNA3	cholinergic receptor nicotinic alpha 3 subunit	EFO_0003914	atherosclerosis	0.39700627229947916
ENSG00000170967	DDI1	DDI proteasomal shuttling factor 1	MONDO_0021661	coronary atherosclerosis	0.39679266629664955
ENSG00000134222	PSRC1	proline and serine rich coiled-coil 1	EFO_0003914	atherosclerosis	0.3960604974582965
ENSG00000171105	INSR	insulin receptor	EFO_0003914	atherosclerosis	0.3956705249706606
ENSG00000132170	PPARG	peroxisome proliferator activated receptor gamma	EFO_0003914	atherosclerosis	0.3939754559269383
ENSG00000145476	CYP4V2	cytochrome P450 family 4 subfamily V member 2	EFO_0003914	atherosclerosis	0.3925308870740759
ENSG00000144891	AGTR1	angiotensin II receptor type 1	EFO_0003914	atherosclerosis	0.3921095307103339
ENSG00000169684	CHRNA5	cholinergic receptor nicotinic alpha 5 subunit	EFO_0003914	atherosclerosis	0.39085191774332384
ENSG00000102978	POLR2C	RNA polymerase II subunit C	MONDO_0021661	coronary atherosclerosis	0.38884485320289564
ENSG00000173334	TRIB1	tribbles pseudokinase 1	EFO_0003914	atherosclerosis	0.3856226977163385
ENSG00000073060	SCARB1	scavenger receptor class B member 1	EFO_0003914	atherosclerosis	0.38424288866708595
ENSG00000159640	ACE	angiotensin I converting enzyme	EFO_0003914	atherosclerosis	0.3835243535462793
ENSG00000172572	PDE3A	phosphodiesterase 3A	EFO_0003914	atherosclerosis	0.38223625777517456
ENSG00000112902	SEMA5A	semaphorin 5A	MONDO_0021661	coronary atherosclerosis	0.38200837307944074
ENSG00000109917	ZPR1	ZPR1 zinc finger	EFO_0003914	atherosclerosis	0.38053675216496247
ENSG00000075884	ARHGAP15	Rho GTPase activating protein 15	EFO_0003914	atherosclerosis	0.3783983649271738
ENSG00000126217	MCF2L	MCF.2 cell line derived transforming sequence like	EFO_0003914	atherosclerosis	0.377540455386089
ENSG00000101464	PIGU	phosphatidylinositol glycan anchor biosynthesis class U	EFO_0003914	atherosclerosis	0.3766927726468016
ENSG00000198740	ZNF652	zinc finger protein 652	EFO_0003914	atherosclerosis	0.37271071858085225
ENSG00000114491	UMPS	uridine monophosphate synthetase	EFO_0003914	atherosclerosis	0.37261453288236185
ENSG00000166024	R3HCC1L	R3H domain and coiled-coil containing 1 like	EFO_0003914	atherosclerosis	0.3718308690492454
ENSG00000022267	FHL1	four and a half LIM domains 1	EFO_0003914	atherosclerosis	0.37176416862784123
ENSG00000169554	ZEB2	zinc finger E-box binding homeobox 2	EFO_0003914	atherosclerosis	0.37050946698411924
ENSG00000015520	NPC1L1	NPC1 like intracellular cholesterol transporter 1	EFO_0003914	atherosclerosis	0.3650054886819662
ENSG00000070961	ATP2B1	ATPase plasma membrane Ca2+ transporting 1	EFO_0003914	atherosclerosis	0.36286504136659387
ENSG00000151067	CACNA1C	calcium voltage-gated channel subunit alpha1 C	EFO_0003914	atherosclerosis	0.3624840544520598
ENSG00000149968	MMP3	matrix metallopeptidase 3	EFO_0003914	atherosclerosis	0.36120578737192627
ENSG00000170962	PDGFD	platelet derived growth factor D	EFO_0003914	atherosclerosis	0.35981074307487826
ENSG00000061918	GUCY1B1	guanylate cyclase 1 soluble subunit beta 1	EFO_0003914	atherosclerosis	0.35966977114764065
ENSG00000197081	IGF2R	insulin like growth factor 2 receptor	EFO_0003914	atherosclerosis	0.35820233515054534
ENSG00000100485	SOS2	SOS Ras/Rho guanine nucleotide exchange factor 2	EFO_0003914	atherosclerosis	0.3578434602713049
ENSG00000165124	SVEP1	sushi, von Willebrand factor type A, EGF and pentraxin domain containing 1	EFO_0003914	atherosclerosis	0.3562319651781899
ENSG00000120907	ADRA1A	adrenoceptor alpha 1A	EFO_0003914	atherosclerosis	0.3554895087879756
ENSG00000151612	ZNF827	zinc finger protein 827	EFO_0003914	atherosclerosis	0.3553731044665399
ENSG00000006071	ABCC8	ATP binding cassette subfamily C member 8	EFO_0003914	atherosclerosis	0.35465987334883053
ENSG00000081248	CACNA1S	calcium voltage-gated channel subunit alpha1 S	EFO_0003914	atherosclerosis	0.35443734674970356
ENSG00000102001	CACNA1F	calcium voltage-gated channel subunit alpha1 F	EFO_0003914	atherosclerosis	0.35443734674970356
ENSG00000157388	CACNA1D	calcium voltage-gated channel subunit alpha1 D	EFO_0003914	atherosclerosis	0.35443734674970356
ENSG00000175164	ABO	ABO, alpha 1-3-N-acetylgalactosaminyltransferase and alpha 1-3-galactosyltransferase	EFO_0003914	atherosclerosis	0.3543264478792312
ENSG00000101204	CHRNA4	cholinergic receptor nicotinic alpha 4 subunit	EFO_0003914	atherosclerosis	0.35408017302128825
ENSG00000198597	ZNF536	zinc finger protein 536	EFO_0003914	atherosclerosis	0.35404603644817456
ENSG00000187486	KCNJ11	potassium inwardly rectifying channel subfamily J member 11	EFO_0003914	atherosclerosis	0.3534595000508503
ENSG00000070915	SLC12A3	solute carrier family 12 member 3	EFO_0003914	atherosclerosis	0.3531848816866054
ENSG00000137656	BUD13	BUD13 spliceosome associated protein	EFO_0003914	atherosclerosis	0.3516460717268486
ENSG00000138380	CARF	calcium responsive transcription factor	MONDO_0021661	coronary atherosclerosis	0.3512456848543523
ENSG00000118655	DCLRE1B	DNA cross-link repair 1B	EFO_0003914	atherosclerosis	0.3494945044654445
ENSG00000122861	PLAU	plasminogen activator, urokinase	EFO_0003914	atherosclerosis	0.34940209849377635
ENSG00000183092	BEGAIN	brain enriched guanylate kinase associated	MONDO_0021661	coronary atherosclerosis	0.3477990362133061
ENSG00000146477	SLC22A3	solute carrier family 22 member 3	EFO_0003914	atherosclerosis	0.3470450990381966
ENSG00000165449	SLC16A9	solute carrier family 16 member 9	MONDO_0021661	coronary atherosclerosis	0.34627552013422347
ENSG00000154783	FGD5	FYVE, RhoGEF and PH domain containing 5	EFO_0003914	atherosclerosis	0.3461159271351262
ENSG00000112773	TENT5A	terminal nucleotidyltransferase 5A	EFO_0003914	atherosclerosis	0.3456216732303966
ENSG00000140545	MFGE8	milk fat globule EGF and factor V/VIII domain containing	EFO_0003914	atherosclerosis	0.3440955465363211
ENSG00000143641	GALNT2	polypeptide N-acetylgalactosaminyltransferase 2	EFO_0003914	atherosclerosis	0.3418119711238296
ENSG00000127241	MASP1	MBL associated serine protease 1	EFO_0003914	atherosclerosis	0.339572271769415
ENSG00000135074	ADAM19	ADAM metallopeptidase domain 19	MONDO_0021661	coronary atherosclerosis	0.3395579194592133
ENSG00000188229	TUBB4B	tubulin beta 4B class IVb	EFO_0003914	atherosclerosis	0.3389406581206325
ENSG00000196230	TUBB	tubulin beta class I	EFO_0003914	atherosclerosis	0.33885339621049865
ENSG00000079393	DUSP13B	dual specificity phosphatase 13B	EFO_0003914	atherosclerosis	0.33879500389229855
ENSG00000101162	TUBB1	tubulin beta 1 class VI	EFO_0003914	atherosclerosis	0.3382066314648004
ENSG00000261456	TUBB8	tubulin beta 8 class VIII	EFO_0003914	atherosclerosis	0.3382066314648004
ENSG00000176014	TUBB6	tubulin beta 6 class V	EFO_0003914	atherosclerosis	0.3382066314648004
ENSG00000137267	TUBB2A	tubulin beta 2A class IIa	EFO_0003914	atherosclerosis	0.3382066314648004
ENSG00000137285	TUBB2B	tubulin beta 2B class IIb	EFO_0003914	atherosclerosis	0.3382066314648004
ENSG00000104833	TUBB4A	tubulin beta 4A class IVa	EFO_0003914	atherosclerosis	0.3382066314648004
ENSG00000258947	TUBB3	tubulin beta 3 class III	EFO_0003914	atherosclerosis	0.3382066314648004
ENSG00000136381	IREB2	iron responsive element binding protein 2	EFO_0003914	atherosclerosis	0.33617802356531334
ENSG00000256269	HMBS	hydroxymethylbilane synthase	EFO_0003914	atherosclerosis	0.335731758732655
ENSG00000087299	L2HGDH	L-2-hydroxyglutarate dehydrogenase	EFO_0003914	atherosclerosis	0.33405625025994
ENSG00000213619	NDUFS3	NADH:ubiquinone oxidoreductase core subunit S3	EFO_0003914	atherosclerosis	0.3334020933538993
ENSG00000182240	BACE2	beta-secretase 2	EFO_0003914	atherosclerosis	0.3326763813777489
ENSG00000171103	TRMT61B	tRNA methyltransferase 61B	EFO_0003914	atherosclerosis	0.33250136905445843
ENSG00000159197	KCNE2	potassium voltage-gated channel subfamily E regulatory subunit 2	EFO_0003914	atherosclerosis	0.3322220371684642
ENSG00000184752	NDUFA12	NADH:ubiquinone oxidoreductase subunit A12	EFO_0003914	atherosclerosis	0.33201471705243796
ENSG00000147123	NDUFB11	NADH:ubiquinone oxidoreductase subunit B11	EFO_0003914	atherosclerosis	0.3317441170613554
ENSG00000107562	CXCL12	C-X-C motif chemokine ligand 12	EFO_0003914	atherosclerosis	0.3305203010440517
ENSG00000083307	GRHL2	grainyhead like transcription factor 2	EFO_0003914	atherosclerosis	0.3302597483919701
ENSG00000164535	DAGLB	diacylglycerol lipase beta	MONDO_0021661	coronary atherosclerosis	0.330115591855376
ENSG00000124177	CHD6	chromodomain helicase DNA binding protein 6	EFO_0003914	atherosclerosis	0.32967816843694503
ENSG00000164258	NDUFS4	NADH:ubiquinone oxidoreductase subunit S4	EFO_0003914	atherosclerosis	0.329655073800092
ENSG00000138442	WDR12	WD repeat domain 12	EFO_0003914	atherosclerosis	0.32963905757424483
ENSG00000140464	PML	PML nuclear body scaffold	EFO_0003914	atherosclerosis	0.32947807046116107
ENSG00000267855	NDUFA7	NADH:ubiquinone oxidoreductase subunit A7	EFO_0003914	atherosclerosis	0.32803098968135097
ENSG00000167528	ZNF641	zinc finger protein 641	MONDO_0021661	coronary atherosclerosis	0.3280275156903133
ENSG00000138829	FBN2	fibrillin 2	MONDO_0021661	coronary atherosclerosis	0.3271986206714928
ENSG00000184144	CNTN2	contactin 2	MONDO_0021661	coronary atherosclerosis	0.3262321951215186
ENSG00000198886	MT-ND4	mitochondrially encoded NADH:ubiquinone oxidoreductase core subunit 4	EFO_0003914	atherosclerosis	0.3255998519772223
ENSG00000151465	CDC123	cell division cycle 123	MONDO_0021661	coronary atherosclerosis	0.3255973121589994
ENSG00000118557	PMFBP1	polyamine modulated factor 1 binding protein 1	EFO_0003914	atherosclerosis	0.32555213960536994
ENSG00000198763	MT-ND2	mitochondrially encoded NADH:ubiquinone oxidoreductase core subunit 2	EFO_0003914	atherosclerosis	0.32495308723152405
ENSG00000102755	FLT1	fms related receptor tyrosine kinase 1	EFO_0003914	atherosclerosis	0.32493455336686705
ENSG00000198786	MT-ND5	mitochondrially encoded NADH:ubiquinone oxidoreductase core subunit 5	EFO_0003914	atherosclerosis	0.32486069226785286
ENSG00000171873	ADRA1D	adrenoceptor alpha 1D	EFO_0003914	atherosclerosis	0.3247717076420982
ENSG00000004779	NDUFAB1	NADH:ubiquinone oxidoreductase subunit AB1	EFO_0003914	atherosclerosis	0.3245090781005487
ENSG00000115286	NDUFS7	NADH:ubiquinone oxidoreductase core subunit S7	EFO_0003914	atherosclerosis	0.32430632248582586
ENSG00000178057	NDUFAF3	NADH:ubiquinone oxidoreductase complex assembly factor 3	EFO_0003914	atherosclerosis	0.32430632248582586
ENSG00000128609	NDUFA5	NADH:ubiquinone oxidoreductase subunit A5	EFO_0003914	atherosclerosis	0.32430632248582586
ENSG00000119013	NDUFB3	NADH:ubiquinone oxidoreductase subunit B3	EFO_0003914	atherosclerosis	0.32430632248582586
ENSG00000178127	NDUFV2	NADH:ubiquinone oxidoreductase core subunit V2	EFO_0003914	atherosclerosis	0.32430632248582586
ENSG00000115159	GPD2	glycerol-3-phosphate dehydrogenase 2	EFO_0003914	atherosclerosis	0.32430632248582586
ENSG00000198888	MT-ND1	mitochondrially encoded NADH:ubiquinone oxidoreductase core subunit 1	EFO_0003914	atherosclerosis	0.3240753350766479
ENSG00000167792	NDUFV1	NADH:ubiquinone oxidoreductase core subunit V1	EFO_0003914	atherosclerosis	0.32402913759481233
ENSG00000198695	MT-ND6	mitochondrially encoded NADH:ubiquinone oxidoreductase core subunit 6	EFO_0003914	atherosclerosis	0.3239367426311411
ENSG00000137806	NDUFAF1	NADH:ubiquinone oxidoreductase complex assembly factor 1	EFO_0003914	atherosclerosis	0.3233823728491141
ENSG00000183648	NDUFB1	NADH:ubiquinone oxidoreductase subunit B1	EFO_0003914	atherosclerosis	0.3233823728491141
ENSG00000212907	MT-ND4L	mitochondrially encoded NADH:ubiquinone oxidoreductase core subunit 4L	EFO_0003914	atherosclerosis	0.3233823728491141
ENSG00000099795	NDUFB7	NADH:ubiquinone oxidoreductase subunit B7	EFO_0003914	atherosclerosis	0.3233823728491141
ENSG00000119421	NDUFA8	NADH:ubiquinone oxidoreductase subunit A8	EFO_0003914	atherosclerosis	0.3233823728491141
ENSG00000125356	NDUFA1	NADH:ubiquinone oxidoreductase subunit A1	EFO_0003914	atherosclerosis	0.3233823728491141
ENSG00000136521	NDUFB5	NADH:ubiquinone oxidoreductase subunit B5	EFO_0003914	atherosclerosis	0.3233823728491141
ENSG00000147684	NDUFB9	NADH:ubiquinone oxidoreductase subunit B9	EFO_0003914	atherosclerosis	0.3233823728491141
ENSG00000174886	NDUFA11	NADH:ubiquinone oxidoreductase subunit A11	EFO_0003914	atherosclerosis	0.3233823728491141
ENSG00000184983	NDUFA6	NADH:ubiquinone oxidoreductase subunit A6	EFO_0003914	atherosclerosis	0.3233823728491141
ENSG00000110717	NDUFS8	NADH:ubiquinone oxidoreductase core subunit S8	EFO_0003914	atherosclerosis	0.3233823728491141
ENSG00000065518	NDUFB4	NADH:ubiquinone oxidoreductase subunit B4	EFO_0003914	atherosclerosis	0.3233823728491141
ENSG00000198840	MT-ND3	mitochondrially encoded NADH:ubiquinone oxidoreductase core subunit 3	EFO_0003914	atherosclerosis	0.3233823728491141
ENSG00000123545	NDUFAF4	NADH:ubiquinone oxidoreductase complex assembly factor 4	EFO_0003914	atherosclerosis	0.3233823728491141
ENSG00000090266	NDUFB2	NADH:ubiquinone oxidoreductase subunit B2	EFO_0003914	atherosclerosis	0.3233823728491141
ENSG00000160194	NDUFV3	NADH:ubiquinone oxidoreductase subunit V3	EFO_0003914	atherosclerosis	0.3233823728491141
ENSG00000151366	NDUFC2	NADH:ubiquinone oxidoreductase subunit C2	EFO_0003914	atherosclerosis	0.3233823728491141
ENSG00000158864	NDUFS2	NADH:ubiquinone oxidoreductase core subunit S2	EFO_0003914	atherosclerosis	0.3233823728491141
ENSG00000164182	NDUFAF2	NADH:ubiquinone oxidoreductase complex assembly factor 2	EFO_0003914	atherosclerosis	0.3233823728491141
ENSG00000139180	NDUFA9	NADH:ubiquinone oxidoreductase subunit A9	EFO_0003914	atherosclerosis	0.3233823728491141
ENSG00000186010	NDUFA13	NADH:ubiquinone oxidoreductase subunit A13	EFO_0003914	atherosclerosis	0.3233823728491141
ENSG00000145494	NDUFS6	NADH:ubiquinone oxidoreductase subunit S6	EFO_0003914	atherosclerosis	0.3233823728491141
ENSG00000189043	COXFA4	cytochrome c oxidase associated subunit FA4	EFO_0003914	atherosclerosis	0.3233823728491141
ENSG00000130414	NDUFA10	NADH:ubiquinone oxidoreductase subunit A10	EFO_0003914	atherosclerosis	0.3233823728491141
ENSG00000168653	NDUFS5	NADH:ubiquinone oxidoreductase subunit S5	EFO_0003914	atherosclerosis	0.3233823728491141
ENSG00000023228	NDUFS1	NADH:ubiquinone oxidoreductase core subunit S1	EFO_0003914	atherosclerosis	0.3233823728491141
ENSG00000140990	NDUFB10	NADH:ubiquinone oxidoreductase subunit B10	EFO_0003914	atherosclerosis	0.3233823728491141
ENSG00000131495	NDUFA2	NADH:ubiquinone oxidoreductase subunit A2	EFO_0003914	atherosclerosis	0.3233823728491141
ENSG00000165264	NDUFB6	NADH:ubiquinone oxidoreductase subunit B6	EFO_0003914	atherosclerosis	0.3233823728491141
ENSG00000109390	NDUFC1	NADH:ubiquinone oxidoreductase subunit C1	EFO_0003914	atherosclerosis	0.3233823728491141
ENSG00000170214	ADRA1B	adrenoceptor alpha 1B	EFO_0003914	atherosclerosis	0.3233823728491141
ENSG00000166136	NDUFB8	NADH:ubiquinone oxidoreductase subunit B8	EFO_0003914	atherosclerosis	0.3233823728491141
ENSG00000185633	COXFA4L2	cytochrome c oxidase hypoxia associated subunit FA4L2	EFO_0003914	atherosclerosis	0.3233823728491141
ENSG00000170906	NDUFA3	NADH:ubiquinone oxidoreductase subunit A3	EFO_0003914	atherosclerosis	0.3233823728491141
ENSG00000065559	MAP2K4	mitogen-activated protein kinase kinase 4	EFO_0003914	atherosclerosis	0.3231311397889021
ENSG00000171634	BPTF	bromodomain PHD finger transcription factor	EFO_0003914	atherosclerosis	0.3227312437380783
ENSG00000182985	CADM1	cell adhesion molecule 1	EFO_0003914	atherosclerosis	0.32266224470663996
ENSG00000124818	OPN5	opsin 5	EFO_0003914	atherosclerosis	0.32190001918677563
ENSG00000133794	BMAL1	basic helix-loop-helix ARNT like 1	EFO_0003914	atherosclerosis	0.32144168125748546
ENSG00000147459	DOCK5	dedicator of cytokinesis 5	MONDO_0021661	coronary atherosclerosis	0.3205644425923228
ENSG00000136280	CCM2	CCM2 scaffold protein	EFO_0003914	atherosclerosis	0.3203739795980332
ENSG00000198056	PRIM1	DNA primase subunit 1	MONDO_0021661	coronary atherosclerosis	0.3201223931519414
ENSG00000095713	CRTAC1	cartilage acidic protein 1	EFO_0003914	atherosclerosis	0.3199578133268817
ENSG00000054392	HHAT	hedgehog acyltransferase	EFO_0003914	atherosclerosis	0.3192038350777269
ENSG00000140836	ZFHX3	zinc finger homeobox 3	EFO_0003914	atherosclerosis	0.3188268206330222
ENSG00000164532	TBX20	T-box transcription factor 20	EFO_0003914	atherosclerosis	0.31835784707913356
ENSG00000169181	GSG1L	GSG1 like	EFO_0003914	atherosclerosis	0.3180365639118261
ENSG00000151376	ME3	malic enzyme 3	EFO_0003914	atherosclerosis	0.3180365639118261
ENSG00000170891	CYTL1	cytokine like 1	EFO_0003914	atherosclerosis	0.31790383970978325
ENSG00000158955	WNT9B	Wnt family member 9B	MONDO_0021661	coronary atherosclerosis	0.31771003284815075
ENSG00000183431	SF3A3	splicing factor 3a subunit 3	MONDO_0021661	coronary atherosclerosis	0.3175325361797387
ENSG00000146070	PLA2G7	phospholipase A2 group VII	EFO_0003914	atherosclerosis	0.317245128154493
ENSG00000184845	DRD1	dopamine receptor D1	EFO_0003914	atherosclerosis	0.31707741809027995
ENSG00000140479	PCSK6	proprotein convertase subtilisin/kexin type 6	EFO_0003914	atherosclerosis	0.31614033213352777
ENSG00000266200	PNLIPRP2	pancreatic lipase related protein 2 (gene/pseudogene)	EFO_0003914	atherosclerosis	0.3160199411741147
ENSG00000175920	DOK7	docking protein 7	EFO_0003914	atherosclerosis	0.315960845833974
ENSG00000169247	SH3TC2	SH3 domain and tetratricopeptide repeats 2	EFO_0003914	atherosclerosis	0.31557913293703227
ENSG00000099246	RAB18	RAB18, member RAS oncogene family	EFO_0003914	atherosclerosis	0.31557913293703227
ENSG00000154493	C10orf90	chromosome 10 open reading frame 90	EFO_0003914	atherosclerosis	0.3145709465246171
ENSG00000133392	MYH11	myosin heavy chain 11	EFO_0003914	atherosclerosis	0.31410561974713896
ENSG00000151422	FER	FER tyrosine kinase	EFO_0003914	atherosclerosis	0.3140516300053749
ENSG00000036448	MYOM2	myomesin 2	EFO_0003914	atherosclerosis	0.3138252490371022
ENSG00000072952	IRAG1	inositol 1,4,5-triphosphate receptor associated 1	EFO_0003914	atherosclerosis	0.3136227001394744
ENSG00000138131	LOXL4	lysyl oxidase like 4	EFO_0003914	atherosclerosis	0.3134944973757953
ENSG00000112699	GMDS	GDP-mannose 4,6-dehydratase	EFO_0003914	atherosclerosis	0.3134652391637508
ENSG00000153823	PID1	phosphotyrosine interaction domain containing 1	MONDO_0021661	coronary atherosclerosis	0.3134018846917053
ENSG00000185950	IRS2	insulin receptor substrate 2	EFO_0003914	atherosclerosis	0.31311169900443764
ENSG00000143156	NME7	NME/NM23 family member 7	EFO_0003914	atherosclerosis	0.31287866356318517
ENSG00000108379	WNT3	Wnt family member 3	MONDO_0021661	coronary atherosclerosis	0.31225299424200675
ENSG00000138735	PDE5A	phosphodiesterase 5A	EFO_0003914	atherosclerosis	0.3120590622693981
ENSG00000257923	CUX1	cut like homeobox 1	EFO_0003914	atherosclerosis	0.31162822282273717
ENSG00000106460	TMEM106B	transmembrane protein 106B	EFO_0003914	atherosclerosis	0.3114965704059619
ENSG00000135048	CEMIP2	cell migration inducing hyaluronidase 2	EFO_0003914	atherosclerosis	0.31144609072575014
ENSG00000197329	PELI1	pellino E3 ubiquitin protein ligase 1	EFO_0003914	atherosclerosis	0.3113040783543442
ENSG00000146122	DAAM2	dishevelled associated activator of morphogenesis 2	EFO_0003914	atherosclerosis	0.3110744008763678
ENSG00000105851	PIK3CG	phosphatidylinositol-4,5-bisphosphate 3-kinase catalytic subunit gamma	EFO_0003914	atherosclerosis	0.30990323941435904
ENSG00000112038	OPRM1	opioid receptor mu 1	EFO_0003914	atherosclerosis	0.3093963003994966
ENSG00000197506	SLC28A3	solute carrier family 28 member 3	EFO_0003914	atherosclerosis	0.30889715263104084
ENSG00000012504	NR1H4	nuclear receptor subfamily 1 group H member 4	EFO_0003914	atherosclerosis	0.30889631193618716
ENSG00000105989	WNT2	Wnt family member 2	EFO_0003914	atherosclerosis	0.308465345095562
ENSG00000138152	BTBD16	BTB domain containing 16	MONDO_0021661	coronary atherosclerosis	0.3083219839018656
ENSG00000163806	SPDYA	speedy/RINGO cell cycle regulator family member A	MONDO_0021661	coronary atherosclerosis	0.30756758160437014
ENSG00000156299	TIAM1	TIAM Rac1 associated GEF 1	EFO_0003914	atherosclerosis	0.30691305269763103
ENSG00000140403	DNAJA4	DnaJ heat shock protein family (Hsp40) member A4	MONDO_0021661	coronary atherosclerosis	0.30667586906248057
ENSG00000196782	MAML3	mastermind like transcriptional coactivator 3	MONDO_0021661	coronary atherosclerosis	0.3065852210609272
ENSG00000118898	PPL	periplakin	EFO_0003914	atherosclerosis	0.30578983165823376
ENSG00000156140	ADAMTS3	ADAM metallopeptidase with thrombospondin type 1 motif 3	EFO_0003914	atherosclerosis	0.30525603278250135
ENSG00000136141	LRCH1	leucine rich repeats and calponin homology domain containing 1	EFO_0003914	atherosclerosis	0.3049636546255672
ENSG00000165995	CACNB2	calcium voltage-gated channel auxiliary subunit beta 2	EFO_0003914	atherosclerosis	0.30488535625221286
ENSG00000213995	NAXD	NAD(P)HX dehydratase	EFO_0003914	atherosclerosis	0.30482847821089804
ENSG00000076685	NT5C2	5'-nucleotidase, cytosolic II	EFO_0003914	atherosclerosis	0.3045990291522767
ENSG00000173166	RAPH1	Ras association (RalGDS/AF-6) and pleckstrin homology domains 1	EFO_0003914	atherosclerosis	0.3043875927461731
ENSG00000175806	MSRA	methionine sulfoxide reductase A	EFO_0003914	atherosclerosis	0.3039572816368755
ENSG00000235750	KIAA0040	KIAA0040	MONDO_0021661	coronary atherosclerosis	0.30375447011473045
ENSG00000171094	ALK	ALK receptor tyrosine kinase	EFO_0003914	atherosclerosis	0.3033873762001527
ENSG00000151693	ASAP2	ArfGAP with SH3 domain, ankyrin repeat and PH domain 2	EFO_0003914	atherosclerosis	0.30295831252804906
ENSG00000151461	UPF2	UPF2 regulator of nonsense mediated mRNA decay	EFO_0003914	atherosclerosis	0.302893985974591
ENSG00000166471	TMEM41B	transmembrane protein 41B	EFO_0003914	atherosclerosis	0.30138859207949814
ENSG00000118197	DDX59	DEAD-box helicase 59	MONDO_0021661	coronary atherosclerosis	0.3013485421843185
ENSG00000088387	DOCK9	dedicator of cytokinesis 9	EFO_0003914	atherosclerosis	0.30131074732063906
ENSG00000151715	TMEM45B	transmembrane protein 45B	EFO_0003914	atherosclerosis	0.30100573192911273
ENSG00000133019	CHRM3	cholinergic receptor muscarinic 3	EFO_0003914	atherosclerosis	0.30099760914367485
ENSG00000101445	PPP1R16B	protein phosphatase 1 regulatory subunit 16B	EFO_0003914	atherosclerosis	0.30098094966866373
ENSG00000182481	KPNA2	karyopherin subunit alpha 2	EFO_0003914	atherosclerosis	0.3009638406569101
ENSG00000080224	EPHA6	EPH receptor A6	EFO_0003914	atherosclerosis	0.30067935982436306
ENSG00000109610	SOD3	superoxide dismutase 3	EFO_0003914	atherosclerosis	0.3002615770841049
ENSG00000145907	G3BP1	G3BP stress granule assembly factor 1	EFO_0003914	atherosclerosis	0.3000975181295056
ENSG00000100344	PNPLA3	patatin like domain 3, 1-acylglycerol-3-phosphate O-acyltransferase 	EFO_0003914	atherosclerosis	0.2998234214492616
ENSG00000150676	CCDC83	coiled-coil domain containing 83	EFO_0003914	atherosclerosis	0.29968876956584156
ENSG00000170248	PDCD6IP	programmed cell death 6 interacting protein	EFO_0003914	atherosclerosis	0.2982571102256507
ENSG00000148120	AOPEP	aminopeptidase O (putative)	EFO_0003914	atherosclerosis	0.29812655463936694
ENSG00000167085	PHB1	prohibitin 1	EFO_0003914	atherosclerosis	0.2979428244678477
ENSG00000153487	ING1	inhibitor of growth family member 1	EFO_0003914	atherosclerosis	0.29779398495966863
ENSG00000166780	BMERB1	bMERB domain containing 1	MONDO_0021661	coronary atherosclerosis	0.29768070155184606
ENSG00000174469	CNTNAP2	contactin associated protein 2	EFO_0003914	atherosclerosis	0.2974593216192556
ENSG00000196526	AFAP1	actin filament associated protein 1	EFO_0003914	atherosclerosis	0.29708760148044383
ENSG00000165650	PDZD8	PDZ domain containing 8	EFO_0003914	atherosclerosis	0.2967627225674651
ENSG00000171476	HOPX	HOP homeobox	EFO_0003914	atherosclerosis	0.29561707721709307
ENSG00000160710	ADAR	adenosine deaminase RNA specific	EFO_0003914	atherosclerosis	0.29520064973850396
ENSG00000139318	DUSP6	dual specificity phosphatase 6	EFO_0003914	atherosclerosis	0.294956696634902
ENSG00000186868	MAPT	microtubule associated protein tau	EFO_0003914	atherosclerosis	0.29494979142709804
ENSG00000186994	KANK3	KN motif and ankyrin repeat domains 3	MONDO_0021661	coronary atherosclerosis	0.29482025595046246
ENSG00000113742	CPEB4	cytoplasmic polyadenylation element binding protein 4	EFO_0003914	atherosclerosis	0.2936875634615517
ENSG00000125538	IL1B	interleukin 1 beta	EFO_0003914	atherosclerosis	0.29312635584471436
ENSG00000170776	AKAP13	A-kinase anchoring protein 13	EFO_0003914	atherosclerosis	0.2930709256617773
ENSG00000087245	MMP2	matrix metallopeptidase 2	EFO_0003914	atherosclerosis	0.29245127640292806
ENSG00000218819	TDRD15	tudor domain containing 15	EFO_0003914	atherosclerosis	0.29206237219287756
ENSG00000179295	PTPN11	protein tyrosine phosphatase non-receptor type 11	EFO_0003914	atherosclerosis	0.29123972313086405
ENSG00000149084	HSD17B12	hydroxysteroid 17-beta dehydrogenase 12	EFO_0003914	atherosclerosis	0.2898257162799469
ENSG00000128250	RFPL1	ret finger protein like 1	EFO_0003914	atherosclerosis	0.28925233187352406
ENSG00000196498	NCOR2	nuclear receptor corepressor 2	EFO_0003914	atherosclerosis	0.2885235587534009
ENSG00000175077	RTP1	receptor transporter protein 1	MONDO_0021661	coronary atherosclerosis	0.28811115834437084
ENSG00000159217	IGF2BP1	insulin like growth factor 2 mRNA binding protein 1	EFO_0003914	atherosclerosis	0.2880478924961363
ENSG00000104490	NCALD	neurocalcin delta	EFO_0003914	atherosclerosis	0.2873669856132718
ENSG00000204084	INPP5B	inositol polyphosphate-5-phosphatase B	MONDO_0021661	coronary atherosclerosis	0.28690334654068567
ENSG00000149100	EIF3M	eukaryotic translation initiation factor 3 subunit M	MONDO_0021661	coronary atherosclerosis	0.28687567519643875
ENSG00000107593	PKD2L1	polycystin 2 like 1, transient receptor potential cation channel	EFO_0003914	atherosclerosis	0.2867458210087033
ENSG00000102908	NFAT5	nuclear factor of activated T cells 5	EFO_0003914	atherosclerosis	0.2859233463648942
ENSG00000134825	TMEM258	transmembrane protein 258	EFO_0003914	atherosclerosis	0.28552373615276877
ENSG00000175470	PPP2R2D	protein phosphatase 2 regulatory subunit Bdelta	EFO_0003914	atherosclerosis	0.2852339096214278
ENSG00000173064	HECTD4	HECT domain E3 ubiquitin protein ligase 4	EFO_0003914	atherosclerosis	0.2841831772531273
ENSG00000167487	KLHL26	kelch like family member 26	MONDO_0021661	coronary atherosclerosis	0.2836277500420304
ENSG00000065060	BLTP3A	bridge-like lipid transfer protein family member 3A	MONDO_0021661	coronary atherosclerosis	0.28304789541956415
ENSG00000253276	CCDC71L	coiled-coil domain containing 71 like	EFO_0003914	atherosclerosis	0.2821452799526324
ENSG00000103811	CTSH	cathepsin H	EFO_0003914	atherosclerosis	0.28209299015959594
ENSG00000115970	THADA	THADA armadillo repeat containing	EFO_0003914	atherosclerosis	0.2818385369236441
ENSG00000164418	GRIK2	glutamate ionotropic receptor kainate type subunit 2	EFO_0003914	atherosclerosis	0.2814562374526262
ENSG00000131016	AKAP12	A-kinase anchoring protein 12	EFO_0003914	atherosclerosis	0.2804330630466716
ENSG00000261371	PECAM1	platelet and endothelial cell adhesion molecule 1	EFO_0003914	atherosclerosis	0.279536941188012
ENSG00000151623	NR3C2	nuclear receptor subfamily 3 group C member 2	EFO_0003914	atherosclerosis	0.27948392907636843
ENSG00000152592	DMP1	dentin matrix acidic phosphoprotein 1	MONDO_0021661	coronary atherosclerosis	0.27910129770687464
ENSG00000186951	PPARA	peroxisome proliferator activated receptor alpha	EFO_0003914	atherosclerosis	0.27847813341533706
ENSG00000141338	ABCA8	ATP binding cassette subfamily A member 8	MONDO_0021661	coronary atherosclerosis	0.27844449070461164
ENSG00000143839	REN	renin	EFO_0003914	atherosclerosis	0.27795883539256383
ENSG00000146143	PRIM2	DNA primase subunit 2	MONDO_0021661	coronary atherosclerosis	0.2778633724531359
ENSG00000088832	FKBP1A	FKBP prolyl isomerase 1A	EFO_0003914	atherosclerosis	0.2777392607955534
ENSG00000069849	ATP1B3	ATPase Na+/K+ transporting subunit beta 3	EFO_0003914	atherosclerosis	0.27702681323487593
ENSG00000163660	CCNL1	cyclin L1	EFO_0003914	atherosclerosis	0.2768482653090948
ENSG00000096395	MLN	motilin	EFO_0003914	atherosclerosis	0.2763239451523389
ENSG00000104112	SCG3	secretogranin III	EFO_0003914	atherosclerosis	0.2739934606788775
ENSG00000125755	SYMPK	symplekin scaffold protein	EFO_0003914	atherosclerosis	0.2738062428389862
ENSG00000128908	INO80	INO80 complex ATPase subunit	EFO_0003914	atherosclerosis	0.27283176540715104
ENSG00000137473	TTC29	tetratricopeptide repeat domain 29	EFO_0003914	atherosclerosis	0.27221511978874235
ENSG00000179588	ZFPM1	zinc finger protein, FOG family member 1	EFO_0003914	atherosclerosis	0.27207943695957926
ENSG00000157837	SPPL3	signal peptide peptidase like 3	EFO_0003914	atherosclerosis	0.27178826192081107
ENSG00000198373	WWP2	WW domain containing E3 ubiquitin protein ligase 2	EFO_0003914	atherosclerosis	0.27116858854017445
ENSG00000196132	MYT1	myelin transcription factor 1	MONDO_0021661	coronary atherosclerosis	0.26995294278365173
ENSG00000090612	ZNF268	zinc finger protein 268	EFO_0003914	atherosclerosis	0.26992018614250723
ENSG00000119242	CCDC92	coiled-coil domain containing 92	EFO_0003914	atherosclerosis	0.26950274361431414
ENSG00000184305	CCSER1	coiled-coil serine rich protein 1	EFO_0003914	atherosclerosis	0.2690397628784995
ENSG00000169740	ZNF32	zinc finger protein 32	MONDO_0021661	coronary atherosclerosis	0.2682869525713866
ENSG00000185305	ARL15	ARF like GTPase 15	EFO_0003914	atherosclerosis	0.2681836848064288
ENSG00000118432	CNR1	cannabinoid receptor 1	EFO_0003914	atherosclerosis	0.2680966578562828
ENSG00000156395	SORCS3	sortilin related VPS10 domain containing receptor 3	EFO_0003914	atherosclerosis	0.2678540838460534
ENSG00000129116	PALLD	palladin, cytoskeletal associated protein	EFO_0003914	atherosclerosis	0.2673185883730992
ENSG00000135930	EIF4E2	eukaryotic translation initiation factor 4E family member 2	EFO_0003914	atherosclerosis	0.26619885988481695
ENSG00000188778	ADRB3	adrenoceptor beta 3	EFO_0003914	atherosclerosis	0.26592585579910594
ENSG00000179399	GPC5	glypican 5	EFO_0003914	atherosclerosis	0.2652670248632605
ENSG00000176204	LRRTM4	leucine rich repeat transmembrane neuronal 4	EFO_0003914	atherosclerosis	0.2652670248632605
ENSG00000185053	SGCZ	sarcoglycan zeta	EFO_0003914	atherosclerosis	0.2652670248632605
ENSG00000153707	PTPRD	protein tyrosine phosphatase receptor type D	EFO_0003914	atherosclerosis	0.2652670248632605
ENSG00000120071	KANSL1	KAT8 regulatory NSL complex subunit 1	EFO_0003914	atherosclerosis	0.26492448547285274
ENSG00000184304	PRKD1	protein kinase D1	MONDO_0021661	coronary atherosclerosis	0.26460585618315846
ENSG00000259207	ITGB3	integrin subunit beta 3	EFO_0003914	atherosclerosis	0.26448748327827076
ENSG00000159842	ABR	ABR activator of RhoGEF and GTPase	MONDO_0021661	coronary atherosclerosis	0.26350248386194336
ENSG00000197548	ATG7	autophagy related 7	EFO_0003914	atherosclerosis	0.2631879181516214
ENSG00000138696	BMPR1B	bone morphogenetic protein receptor type 1B	EFO_0003914	atherosclerosis	0.263082785773562
ENSG00000120318	ARAP3	ArfGAP with RhoGAP domain, ankyrin repeat and PH domain 3	MONDO_0021661	coronary atherosclerosis	0.26301992368648136
ENSG00000168769	TET2	tet methylcytosine dioxygenase 2	EFO_0003914	atherosclerosis	0.26294451482478365
ENSG00000005961	ITGA2B	integrin subunit alpha 2b	EFO_0003914	atherosclerosis	0.26280970258979086
ENSG00000102468	HTR2A	5-hydroxytryptamine receptor 2A	EFO_0003914	atherosclerosis	0.26192785256210305
ENSG00000243480	AMY2A	amylase alpha 2A	EFO_0003914	atherosclerosis	0.260775029017486
ENSG00000123384	LRP1	LDL receptor related protein 1	EFO_0003914	atherosclerosis	0.26071247560667826
ENSG00000167397	VKORC1	vitamin K epoxide reductase complex subunit 1	EFO_0003914	atherosclerosis	0.2600894583870459
ENSG00000041357	PSMA4	proteasome 20S subunit alpha 4	EFO_0003914	atherosclerosis	0.2595928348796337
ENSG00000257335	MGAM	maltase-glucoamylase	EFO_0003914	atherosclerosis	0.25944505798866063
ENSG00000130294	KIF1A	kinesin family member 1A	MONDO_0021661	coronary atherosclerosis	0.2593820420533072
ENSG00000110243	APOA5	apolipoprotein A5	EFO_0003914	atherosclerosis	0.25928414980839565
ENSG00000165646	SLC18A2	solute carrier family 18 member A2	EFO_0003914	atherosclerosis	0.25870589827929125
ENSG00000111319	SCNN1A	sodium channel epithelial 1 subunit alpha	EFO_0003914	atherosclerosis	0.25870589827929125
ENSG00000103546	SLC6A2	solute carrier family 6 member 2	EFO_0003914	atherosclerosis	0.25870589827929125
ENSG00000074803	SLC12A1	solute carrier family 12 member 1	EFO_0003914	atherosclerosis	0.25870589827929125
ENSG00000075413	MARK3	microtubule affinity regulating kinase 3	EFO_0003914	atherosclerosis	0.25797301083888374
ENSG00000225614	ZNF469	zinc finger protein 469	MONDO_0021661	coronary atherosclerosis	0.25774169872702224
ENSG00000108771	DHX58	DExH-box helicase 58	EFO_0003914	atherosclerosis	0.25729105810301856
ENSG00000110080	ST3GAL4	ST3 beta-galactoside alpha-2,3-sialyltransferase 4	EFO_0003914	atherosclerosis	0.2562451183974831
ENSG00000115504	EHBP1	EH domain binding protein 1	EFO_0003914	atherosclerosis	0.2559293516218366
ENSG00000175054	ATR	ATR checkpoint kinase	EFO_0003914	atherosclerosis	0.25583511231402656
ENSG00000172456	FGGY	FGGY carbohydrate kinase domain containing	MONDO_0021661	coronary atherosclerosis	0.2551628236616906
ENSG00000185880	TRIM69	tripartite motif containing 69	EFO_0003914	atherosclerosis	0.25421261044796584
ENSG00000037280	FLT4	fms related receptor tyrosine kinase 4	EFO_0003914	atherosclerosis	0.2541183683923695
ENSG00000178568	ERBB4	erb-b2 receptor tyrosine kinase 4	EFO_0003914	atherosclerosis	0.25226739861806285
ENSG00000152404	CWF19L2	CWF19 like cell cycle control factor 2	MONDO_0021661	coronary atherosclerosis	0.25218135251461227
ENSG00000106868	SUSD1	sushi domain containing 1	MONDO_0021661	coronary atherosclerosis	0.25187090238438375
ENSG00000114279	FGF12	fibroblast growth factor 12	EFO_0003914	atherosclerosis	0.25075787762605356
ENSG00000204120	GIGYF2	GRB10 interacting GYF protein 2	EFO_0003914	atherosclerosis	0.2502962742699174
ENSG00000134538	SLCO1B1	solute carrier organic anion transporter family member 1B1	EFO_0003914	atherosclerosis	0.2500968670237302
ENSG00000173226	IQCB1	IQ motif containing B1	EFO_0003914	atherosclerosis	0.25000868623388384
ENSG00000148219	ASTN2	astrotactin 2	MONDO_0021661	coronary atherosclerosis	0.2486635051367148
ENSG00000068745	IP6K2	inositol hexakisphosphate kinase 2	MONDO_0021661	coronary atherosclerosis	0.2482890396741622
ENSG00000072364	AFF4	ALF transcription elongation factor 4	EFO_0003914	atherosclerosis	0.24800317354629908
ENSG00000156265	MAP3K7CL	MAP3K7 C-terminal like	MONDO_0021661	coronary atherosclerosis	0.24790961775951978
ENSG00000144426	NBEAL1	neurobeachin like 1	EFO_0003914	atherosclerosis	0.2477547507699493
ENSG00000163923	RPL39L	ribosomal protein L39 like	MONDO_0021661	coronary atherosclerosis	0.24742141824301345
ENSG00000146243	IRAK1BP1	interleukin 1 receptor associated kinase 1 binding protein 1	EFO_0003914	atherosclerosis	0.2470783877010481
ENSG00000157227	MMP14	matrix metallopeptidase 14	EFO_0003914	atherosclerosis	0.24575481255931889
ENSG00000182568	SATB1	SATB homeobox 1	EFO_0003914	atherosclerosis	0.24443304035704838
ENSG00000115461	IGFBP5	insulin like growth factor binding protein 5	EFO_0003914	atherosclerosis	0.24390971426425193
ENSG00000008226	DLEC1	DLEC1 cilia and flagella associated protein	EFO_0003914	atherosclerosis	0.24373613089918494
ENSG00000164867	NOS3	nitric oxide synthase 3	EFO_0003914	atherosclerosis	0.24337618755351176
ENSG00000121297	TSHZ3	teashirt zinc finger homeobox 3	EFO_0003914	atherosclerosis	0.2421990800344512
ENSG00000108557	RAI1	retinoic acid induced 1	MONDO_0021661	coronary atherosclerosis	0.24082382979460415
ENSG00000198743	SLC5A3	solute carrier family 5 member 3	EFO_0003914	atherosclerosis	0.24077712992797415
ENSG00000070366	SMG6	SMG6 nonsense mediated mRNA decay factor	EFO_0003914	atherosclerosis	0.24075339692394696
ENSG00000204764	RANBP17	RAN binding protein 17	EFO_0003914	atherosclerosis	0.24011353716712328
ENSG00000134905	CARS2	cysteinyl-tRNA synthetase 2, mitochondrial	EFO_0003914	atherosclerosis	0.2399806161364131
ENSG00000082781	ITGB5	integrin subunit beta 5	EFO_0003914	atherosclerosis	0.23997629127093922
ENSG00000100979	PLTP	phospholipid transfer protein	EFO_0003914	atherosclerosis	0.2389382123096592
ENSG00000204103	MAFB	MAF bZIP transcription factor B	EFO_0003914	atherosclerosis	0.2384936166273754
ENSG00000107186	MPDZ	multiple PDZ domain crumbs cell polarity complex component	MONDO_0021661	coronary atherosclerosis	0.23835437116273905
ENSG00000256762	STH	saitohin	EFO_0003914	atherosclerosis	0.23833114830240124
ENSG00000157322	CLEC18A	C-type lectin domain family 18 member A	EFO_0003914	atherosclerosis	0.23825714429365114
ENSG00000169398	PTK2	protein tyrosine kinase 2	EFO_0003914	atherosclerosis	0.2380052163502785
ENSG00000002822	MAD1L1	mitotic arrest deficient 1 like 1	EFO_0003914	atherosclerosis	0.23727091827175592
ENSG00000034693	PEX3	peroxisomal biogenesis factor 3	EFO_0003914	atherosclerosis	0.23568568994373443
ENSG00000168116	KIAA1586	KIAA1586	MONDO_0021661	coronary atherosclerosis	0.23520035761941743
ENSG00000186063	AIDA	axin interactor, dorsalization associated	EFO_0003914	atherosclerosis	0.23460236469087717
ENSG00000162402	USP24	ubiquitin specific peptidase 24	EFO_0003914	atherosclerosis	0.23455125621740797
ENSG00000105372	RPS19	ribosomal protein S19	EFO_0003914	atherosclerosis	0.2343187978926517
ENSG00000177688	SUMO4	small ubiquitin like modifier 4	EFO_0003914	atherosclerosis	0.23427186749229081
ENSG00000104964	TLE5	TLE family member 5, transcriptional modulator	EFO_0003914	atherosclerosis	0.23328083666025026
ENSG00000175600	SUGCT	succinyl-CoA:glutarate-CoA transferase	EFO_0003914	atherosclerosis	0.23207792239173727
ENSG00000185294	SPPL2C	signal peptide peptidase like 2C	EFO_0003914	atherosclerosis	0.23135413994553844
ENSG00000011021	CLCN6	chloride voltage-gated channel 6	EFO_0003914	atherosclerosis	0.23063363853298285
ENSG00000065548	ZC3H15	zinc finger CCCH-type containing 15	EFO_0003914	atherosclerosis	0.2305728955825005
ENSG00000163638	ADAMTS9	ADAM metallopeptidase with thrombospondin type 1 motif 9	EFO_0003914	atherosclerosis	0.22908977567469765
ENSG00000048052	HDAC9	histone deacetylase 9	EFO_0003914	atherosclerosis	0.22845908424017544
ENSG00000108306	FBXL20	F-box and leucine rich repeat protein 20	EFO_0003914	atherosclerosis	0.22796736994964048
ENSG00000221866	PLXNA4	plexin A4	EFO_0003914	atherosclerosis	0.2270856497363216
ENSG00000008513	ST3GAL1	ST3 beta-galactoside alpha-2,3-sialyltransferase 1	EFO_0003914	atherosclerosis	0.2269355646662252
ENSG00000165868	HSPA12A	heat shock protein family A (Hsp70) member 12A	EFO_0003914	atherosclerosis	0.22617696315237587
ENSG00000168487	BMP1	bone morphogenetic protein 1	EFO_0003914	atherosclerosis	0.22502917701552505
ENSG00000102802	MEDAG	mesenteric estrogen dependent adipogenesis	EFO_0003914	atherosclerosis	0.22430353440581502
ENSG00000186153	WWOX	WW domain containing oxidoreductase	EFO_0003914	atherosclerosis	0.22404587641850426
ENSG00000155542	SETD9	SET domain containing 9	EFO_0003914	atherosclerosis	0.22257368856912643
ENSG00000112214	FHL5	four and a half LIM domains 5	EFO_0003914	atherosclerosis	0.2222240282768457
ENSG00000276043	UHRF1	ubiquitin like with PHD and ring finger domains 1	EFO_0003914	atherosclerosis	0.22188461801560147
ENSG00000118007	STAG1	STAG1 cohesin complex component	EFO_0003914	atherosclerosis	0.22164499194243784
ENSG00000106615	RHEB	Ras homolog, mTORC1 binding	EFO_0003914	atherosclerosis	0.22042627296661246
ENSG00000174579	MSL2	MSL complex subunit 2	EFO_0003914	atherosclerosis	0.22037534009700013
ENSG00000145819	ARHGAP26	Rho GTPase activating protein 26	EFO_0003914	atherosclerosis	0.21981728916247045
ENSG00000100815	TRIP11	thyroid hormone receptor interactor 11	EFO_0003914	atherosclerosis	0.21955461447219354
ENSG00000156650	KAT6B	lysine acetyltransferase 6B	EFO_0003914	atherosclerosis	0.21883451908391288
ENSG00000145743	FBXL17	F-box and leucine rich repeat protein 17	EFO_0003914	atherosclerosis	0.21739305540234025
ENSG00000182359	KBTBD3	kelch repeat and BTB domain containing 3	EFO_0003914	atherosclerosis	0.21426185058660435
ENSG00000163596	ICA1L	islet cell autoantigen 1 like	EFO_0003914	atherosclerosis	0.21418746106228093
ENSG00000170903	MSANTD4	Myb/SANT DNA binding domain containing 4 with coiled-coils	EFO_0003914	atherosclerosis	0.21363667676301218
ENSG00000112249	ASCC3	activating signal cointegrator 1 complex subunit 3	EFO_0003914	atherosclerosis	0.21318993039587958
ENSG00000089057	SLC23A2	solute carrier family 23 member 2	EFO_0003914	atherosclerosis	0.21282121923652397
ENSG00000134532	SOX5	SRY-box transcription factor 5	MONDO_0021661	coronary atherosclerosis	0.21200615822620295
ENSG00000215817	ZC3H11B	zinc finger CCCH-type containing 11B	EFO_0003914	atherosclerosis	0.21200615822620295
ENSG00000072201	LNX1	ligand of numb-protein X 1	MONDO_0021661	coronary atherosclerosis	0.21200615822620295
ENSG00000173868	PHOSPHO1	phosphoethanolamine/phosphocholine phosphatase 1	EFO_0003914	atherosclerosis	0.20940156117913478
ENSG00000187446	CHP1	calcineurin like EF-hand protein 1	EFO_0003914	atherosclerosis	0.20843506793935943
ENSG00000140848	CPNE2	copine 2	MONDO_0021661	coronary atherosclerosis	0.20783289165262764
ENSG00000168925	CTRB1	chymotrypsinogen B1	EFO_0003914	atherosclerosis	0.20770245986230035
ENSG00000204634	TBC1D8	TBC1 domain family member 8	EFO_0003914	atherosclerosis	0.20770172234222936
ENSG00000138670	RASGEF1B	RasGEF domain family member 1B	MONDO_0021661	coronary atherosclerosis	0.20726391298139574
ENSG00000165972	CCDC38	coiled-coil domain containing 38	EFO_0003914	atherosclerosis	0.206382193197636
ENSG00000149485	FADS1	fatty acid desaturase 1	EFO_0003914	atherosclerosis	0.206112015928936
ENSG00000257017	HP	haptoglobin	EFO_0003914	atherosclerosis	0.20560090652952084
ENSG00000197386	HTT	huntingtin	EFO_0003914	atherosclerosis	0.20559566408087024
ENSG00000059691	GATB	glutamyl-tRNA amidotransferase subunit B	EFO_0003914	atherosclerosis	0.2047132786786379
ENSG00000166035	LIPC	lipase C, hepatic type	EFO_0003914	atherosclerosis	0.20403577959347974
ENSG00000136826	KLF4	KLF transcription factor 4	EFO_0003914	atherosclerosis	0.20383030978378486
ENSG00000168496	FEN1	flap structure-specific endonuclease 1	EFO_0003914	atherosclerosis	0.20262951187330883
ENSG00000146618	FERD3L	Fer3 like bHLH transcription factor	EFO_0003914	atherosclerosis	0.2017430745277775
ENSG00000134986	NREP	neuronal regeneration related protein	EFO_0003914	atherosclerosis	0.20113853123074965
ENSG00000283632	EXOC3L2	exocyst complex component 3 like 2	EFO_0003914	atherosclerosis	0.20104686991010248
ENSG00000156687	UNC5D	unc-5 netrin receptor D	EFO_0003914	atherosclerosis	0.20064361296807717
ENSG00000005194	CIAPIN1	cytokine induced apoptosis inhibitor 1	EFO_0003914	atherosclerosis	0.2004825255215745
ENSG00000143867	OSR1	odd-skipped related transcription factor 1	EFO_0003914	atherosclerosis	0.2004181952893276
ENSG00000071575	TRIB2	tribbles pseudokinase 2	EFO_0003914	atherosclerosis	0.20025108011419476
ENSG00000164855	TMEM184A	transmembrane protein 184A	EFO_0003914	atherosclerosis	0.20018449606202493
ENSG00000164093	PITX2	paired like homeodomain 2	EFO_0003914	atherosclerosis	0.20014678537537303
ENSG00000151353	TMEM18	transmembrane protein 18	EFO_0003914	atherosclerosis	0.20014461940035308
ENSG00000160145	KALRN	kalirin RhoGEF kinase	EFO_0003914	atherosclerosis	0.20011517453507835
ENSG00000140526	ABHD2	abhydrolase domain containing 2, acylglycerol lipase	EFO_0003914	atherosclerosis	0.20003845561348216
ENSG00000178764	ZHX2	zinc fingers and homeoboxes 2	EFO_0003914	atherosclerosis	0.19964182391235452
ENSG00000127334	DYRK2	dual specificity tyrosine phosphorylation regulated kinase 2	EFO_0003914	atherosclerosis	0.19900430498956204
ENSG00000112715	VEGFA	vascular endothelial growth factor A	EFO_0003914	atherosclerosis	0.19699127263928112
ENSG00000139352	ASCL1	achaete-scute family bHLH transcription factor 1	EFO_0003914	atherosclerosis	0.1958759924508643
ENSG00000150672	DLG2	discs large MAGUK scaffold protein 2	EFO_0003914	atherosclerosis	0.19563090052104612
ENSG00000258817	OR4C13	olfactory receptor family 4 subfamily C member 13	EFO_0003914	atherosclerosis	0.1951772851446415
ENSG00000065150	IPO5	importin 5	EFO_0003914	atherosclerosis	0.1949397865875396
ENSG00000035499	DEPDC1B	DEP domain containing 1B	EFO_0003914	atherosclerosis	0.19467410612848604
ENSG00000133059	DSTYK	dual serine/threonine and tyrosine protein kinase	EFO_0003914	atherosclerosis	0.19428586310591603
ENSG00000132475	H3-3B	H3.3 histone B	EFO_0003914	atherosclerosis	0.19411317893831548
ENSG00000082014	SMARCD3	SWI/SNF related BAF chromatin remodeling complex subunit D3	EFO_0003914	atherosclerosis	0.1934615711441513
ENSG00000178235	SLITRK1	SLIT and NTRK like family member 1	EFO_0003914	atherosclerosis	0.1931729620055583
ENSG00000188191	PRKAR1B	protein kinase cAMP-dependent type I regulatory subunit beta	EFO_0003914	atherosclerosis	0.19213633657248572
ENSG00000178852	EFCAB13	EF-hand calcium binding domain 13	EFO_0003914	atherosclerosis	0.1920591969074866
ENSG00000176887	SOX11	SRY-box transcription factor 11	EFO_0003914	atherosclerosis	0.19125932881062735
ENSG00000151778	SERP2	stress associated endoplasmic reticulum protein family member 2	EFO_0003914	atherosclerosis	0.1912267945709953
ENSG00000164512	ANKRD55	ankyrin repeat domain 55	MONDO_0021661	coronary atherosclerosis	0.1911520953308332
ENSG00000164114	MAP9	microtubule associated protein 9	EFO_0003914	atherosclerosis	0.19107554556746412
ENSG00000011260	UTP18	UTP18 small subunit processome component	MONDO_0021661	coronary atherosclerosis	0.18852689395996894
ENSG00000058453	CROCC	ciliary rootlet coiled-coil, rootletin	EFO_0003914	atherosclerosis	0.18706361713100722
ENSG00000104885	DOT1L	DOT1 like histone lysine methyltransferase	EFO_0003914	atherosclerosis	0.1869856544550934
ENSG00000112246	SIM1	SIM bHLH transcription factor 1	EFO_0003914	atherosclerosis	0.1854683004183735
ENSG00000053918	KCNQ1	potassium voltage-gated channel subfamily Q member 1	EFO_0003914	atherosclerosis	0.18474497040784932
ENSG00000184937	WT1	WT1 transcription factor	EFO_0003914	atherosclerosis	0.1840837254179661
ENSG00000136560	TANK	TRAF family member associated NFKB activator	EFO_0003914	atherosclerosis	0.1831642229523848
ENSG00000162989	KCNJ3	potassium inwardly rectifying channel subfamily J member 3	EFO_0003914	atherosclerosis	0.1829244399334717
ENSG00000153774	CFDP1	craniofacial development protein 1	EFO_0003914	atherosclerosis	0.182367368227205
ENSG00000130584	ZBTB46	zinc finger and BTB domain containing 46	EFO_0003914	atherosclerosis	0.18166243129464119
ENSG00000168672	LRATD2	LRAT domain containing 2	EFO_0003914	atherosclerosis	0.18135952279365533
ENSG00000140563	MCTP2	multiple C2 and transmembrane domain containing 2	EFO_0003914	atherosclerosis	0.1799306106991828
ENSG00000173442	EHBP1L1	EH domain binding protein 1 like 1	EFO_0003914	atherosclerosis	0.1773306267872897
ENSG00000196275	GTF2IRD2	GTF2I repeat domain containing 2	MONDO_0021661	coronary atherosclerosis	0.177275108884543
ENSG00000177752	YIPF7	Yip1 domain family member 7	MONDO_0021661	coronary atherosclerosis	0.1759190566357904
ENSG00000103241	FOXF1	forkhead box F1	EFO_0003914	atherosclerosis	0.17506128740209811
ENSG00000117682	DHDDS	dehydrodolichyl diphosphate synthase subunit	EFO_0003914	atherosclerosis	0.17497144008598392
ENSG00000122786	CALD1	caldesmon 1	EFO_0003914	atherosclerosis	0.17464206047008723
ENSG00000120802	TMPO	thymopoietin	EFO_0003914	atherosclerosis	0.1742220028760138
ENSG00000124749	COL21A1	collagen type XXI alpha 1 chain	EFO_0003914	atherosclerosis	0.17415793007924624
ENSG00000188107	EYS	EGF-like photoreceptor maintenance factor	EFO_0003914	atherosclerosis	0.17361860200584922
ENSG00000132388	UBE2G1	ubiquitin conjugating enzyme E2 G1	EFO_0003914	atherosclerosis	0.17045710150453175
ENSG00000099331	MYO9B	myosin IXB	MONDO_0021661	coronary atherosclerosis	0.17024452753515412
ENSG00000130208	APOC1	apolipoprotein C1	EFO_0003914	atherosclerosis	0.16959011194375953
ENSG00000185177	ZNF479	zinc finger protein 479	EFO_0003914	atherosclerosis	0.16737103820402086
ENSG00000100592	DAAM1	dishevelled associated activator of morphogenesis 1	MONDO_0021661	coronary atherosclerosis	0.16672385773315002
ENSG00000107295	SH3GL2	SH3 domain containing GRB2 like 2, endophilin A1	EFO_0003914	atherosclerosis	0.16665683548655807
ENSG00000180263	FGD6	FYVE, RhoGEF and PH domain containing 6	MONDO_0021661	coronary atherosclerosis	0.16594988020348436
ENSG00000183230	CTNNA3	catenin alpha 3	EFO_0003914	atherosclerosis	0.16589883976129752
ENSG00000120885	CLU	clusterin	EFO_0003914	atherosclerosis	0.16553588718609155
ENSG00000081138	CDH7	cadherin 7	EFO_0003914	atherosclerosis	0.1637707705350392
ENSG00000028203	VEZT	vezatin, adherens junctions transmembrane protein	MONDO_0021661	coronary atherosclerosis	0.16306361148671292
ENSG00000111249	CUX2	cut like homeobox 2	EFO_0003914	atherosclerosis	0.1628613545100394
ENSG00000150995	ITPR1	inositol 1,4,5-trisphosphate receptor type 1	EFO_0003914	atherosclerosis	0.16164282107161693
ENSG00000197959	DNM3	dynamin 3	MONDO_0021661	coronary atherosclerosis	0.16155797902105942
ENSG00000116793	PHTF1	putative homeodomain transcription factor 1	EFO_0003914	atherosclerosis	0.158725586938504
ENSG00000156671	SAMD8	sterile alpha motif domain containing 8	EFO_0003914	atherosclerosis	0.15851399408351988
ENSG00000119401	TRIM32	tripartite motif containing 32	MONDO_0021661	coronary atherosclerosis	0.15767086494813468
ENSG00000100211	CBY1	chibby 1, beta catenin antagonist	EFO_0003914	atherosclerosis	0.15735149320414454
ENSG00000167258	CDK12	cyclin dependent kinase 12	MONDO_0021661	coronary atherosclerosis	0.15424639437402438
ENSG00000178199	ZC3H12D	zinc finger CCCH-type containing 12D	EFO_0003914	atherosclerosis	0.15406581705647085
ENSG00000213639	PPP1CB	protein phosphatase 1 catalytic subunit beta	EFO_0003914	atherosclerosis	0.1526822475549775
ENSG00000145390	USP53	ubiquitin specific peptidase 53	EFO_0003914	atherosclerosis	0.15242077237016366
ENSG00000172179	PRL	prolactin	EFO_0003914	atherosclerosis	0.15139356905366305
ENSG00000181915	ADO	2-aminoethanethiol dioxygenase	EFO_0003914	atherosclerosis	0.15094937621181856
ENSG00000130202	NECTIN2	nectin cell adhesion molecule 2	EFO_0003914	atherosclerosis	0.15084582690261264
ENSG00000144460	NYAP2	neuronal tyrosine-phosphorylated phosphoinositide-3-kinase adaptor 2	EFO_0003914	atherosclerosis	0.14968474147032768
ENSG00000159579	RSPRY1	ring finger and SPRY domain containing 1	MONDO_0021661	coronary atherosclerosis	0.14922849604624347
ENSG00000187554	TLR5	toll like receptor 5	EFO_0003914	atherosclerosis	0.14903756851755381
ENSG00000112659	CUL9	cullin 9	EFO_0003914	atherosclerosis	0.14888935090256197
ENSG00000168906	MAT2A	methionine adenosyltransferase 2A	EFO_0003914	atherosclerosis	0.14826789752316255
ENSG00000115486	GGCX	gamma-glutamyl carboxylase	EFO_0003914	atherosclerosis	0.14763874934289317
ENSG00000134369	NAV1	neuron navigator 1	EFO_0003914	atherosclerosis	0.14754160213114445
ENSG00000183891	TTC32	tetratricopeptide repeat domain 32	EFO_0003914	atherosclerosis	0.1469376886968321
ENSG00000177051	FBXO46	F-box protein 46	EFO_0003914	atherosclerosis	0.14411460500940582
ENSG00000171456	ASXL1	ASXL transcriptional regulator 1	EFO_0003914	atherosclerosis	0.14387156493809444
ENSG00000141376	BCAS3	BCAS3 microtubule associated cell migration factor	MONDO_0021661	coronary atherosclerosis	0.14304800956269695
ENSG00000157613	CREB3L1	cAMP responsive element binding protein 3 like 1	EFO_0003914	atherosclerosis	0.14300830562787323
ENSG00000181322	NME9	NME/NM23 family member 9	MONDO_0021661	coronary atherosclerosis	0.142355240746938
ENSG00000145439	CBR4	carbonyl reductase 4	MONDO_0021661	coronary atherosclerosis	0.14216708418806387
ENSG00000205670	SMIM11	small integral membrane protein 11	MONDO_0021661	coronary atherosclerosis	0.14138714681353798
ENSG00000168702	LRP1B	LDL receptor related protein 1B	EFO_0003914	atherosclerosis	0.1401822457349937
ENSG00000007047	MARK4	microtubule affinity regulating kinase 4	EFO_0003914	atherosclerosis	0.1400972375729463
ENSG00000189007	ADAT2	adenosine deaminase tRNA specific 2	EFO_0003914	atherosclerosis	0.1383535445160353
ENSG00000105656	ELL	elongation factor for RNA polymerase II	EFO_0003914	atherosclerosis	0.13826418249076525
ENSG00000111049	MYF5	myogenic factor 5	EFO_0003914	atherosclerosis	0.1378908424870288
ENSG00000135046	ANXA1	annexin A1	EFO_0003914	atherosclerosis	0.13752342806753143
ENSG00000177000	MTHFR	methylenetetrahydrofolate reductase	EFO_0003914	atherosclerosis	0.13748426621362939
ENSG00000198517	MAFK	MAF bZIP transcription factor K	EFO_0003914	atherosclerosis	0.13730883931708135
ENSG00000134262	AP4B1	adaptor related protein complex 4 subunit beta 1	EFO_0003914	atherosclerosis	0.1364436803394455
ENSG00000131069	ACSS2	acyl-CoA synthetase short chain family member 2	EFO_0003914	atherosclerosis	0.13641541548300734
ENSG00000100983	GSS	glutathione synthetase	EFO_0003914	atherosclerosis	0.1358693225409039
ENSG00000067560	RHOA	ras homolog family member A	EFO_0003914	atherosclerosis	0.13495973777993195
ENSG00000166289	PLEKHF1	pleckstrin homology and FYVE domain containing 1	EFO_0003914	atherosclerosis	0.13426460371401427
ENSG00000143196	DPT	dermatopontin	MONDO_0021661	coronary atherosclerosis	0.13387759292050552
ENSG00000108375	RNF43	ring finger protein 43	EFO_0003914	atherosclerosis	0.1321023569970124
ENSG00000112238	PRDM13	PR/SET domain 13	MONDO_0021661	coronary atherosclerosis	0.13184315658139234
ENSG00000169047	IRS1	insulin receptor substrate 1	EFO_0003914	atherosclerosis	0.13155561366039473
ENSG00000172732	MUS81	MUS81 structure-specific endonuclease subunit	EFO_0003914	atherosclerosis	0.13094296575284467
ENSG00000142039	CCDC97	coiled-coil domain containing 97	EFO_0003914	atherosclerosis	0.1303797226228029
ENSG00000156110	ADK	adenosine kinase	EFO_0003914	atherosclerosis	0.130280023852443
ENSG00000132478	UNK	unk zinc finger	EFO_0003914	atherosclerosis	0.1298023670344546
ENSG00000172171	TEFM	transcription elongation factor, mitochondrial	EFO_0003914	atherosclerosis	0.1296650602320411
ENSG00000221954	OR4C12	olfactory receptor family 4 subfamily C member 12	EFO_0003914	atherosclerosis	0.12965783482632798
ENSG00000157895	C12orf43	chromosome 12 open reading frame 43	EFO_0003914	atherosclerosis	0.1294256943215179
ENSG00000072682	P4HA2	prolyl 4-hydroxylase subunit alpha 2	EFO_0003914	atherosclerosis	0.12933100637552722
ENSG00000158092	NCK1	NCK adaptor protein 1	EFO_0003914	atherosclerosis	0.1286956837986102
ENSG00000162909	CAPN2	calpain 2	EFO_0003914	atherosclerosis	0.12850121130009642
ENSG00000036530	CYP46A1	cytochrome P450 family 46 subfamily A member 1	EFO_0003914	atherosclerosis	0.1278191824384238
ENSG00000198746	GPATCH3	G-patch domain containing 3	EFO_0003914	atherosclerosis	0.1263137937017125
ENSG00000111046	MYF6	myogenic factor 6	EFO_0003914	atherosclerosis	0.12559537725099842
ENSG00000048828	FAM120A	family with sequence similarity 120 member A	EFO_0003914	atherosclerosis	0.12495226732698518
ENSG00000103599	IQCH	IQ motif containing H	EFO_0003914	atherosclerosis	0.12476362678586214
ENSG00000168928	CTRB2	chymotrypsinogen B2	EFO_0003914	atherosclerosis	0.12345377765950999
ENSG00000154957	ZNF18	zinc finger protein 18	EFO_0003914	atherosclerosis	0.12317971890195854
ENSG00000104093	DMXL2	Dmx like 2	EFO_0003914	atherosclerosis	0.12263330860924213
ENSG00000099822	HCN2	hyperpolarization activated cyclic nucleotide gated potassium and sodium channel 2	EFO_0003914	atherosclerosis	0.12190822372585776
ENSG00000144468	RHBDD1	rhomboid domain containing 1	EFO_0003914	atherosclerosis	0.12175215055671924
ENSG00000116786	PLEKHM2	pleckstrin homology and RUN domain containing M2	EFO_0003914	atherosclerosis	0.12164035978444356
ENSG00000131067	GGT7	gamma-glutamyltransferase 7	EFO_0003914	atherosclerosis	0.1214681988584758
ENSG00000044459	CNTLN	centlein	EFO_0003914	atherosclerosis	0.12105427108813885
ENSG00000136238	RAC1	Rac family small GTPase 1	EFO_0003914	atherosclerosis	0.12031736350473587
ENSG00000168938	PPIC	peptidylprolyl isomerase C	EFO_0003914	atherosclerosis	0.12010209346548531
ENSG00000123552	USP45	ubiquitin specific peptidase 45	MONDO_0021661	coronary atherosclerosis	0.1198611539410846
ENSG00000014123	UFL1	UFM1 specific ligase 1	EFO_0003914	atherosclerosis	0.11971485524792598
ENSG00000163539	CLASP2	cytoplasmic linker associated protein 2	EFO_0003914	atherosclerosis	0.11938960810359997
ENSG00000172757	CFL1	cofilin 1	EFO_0003914	atherosclerosis	0.1189206975125624
ENSG00000050820	BCAR1	BCAR1 scaffold protein, Cas family member	EFO_0003914	atherosclerosis	0.11868493315600209
ENSG00000050130	JKAMP	JNK1/MAPK8 associated membrane protein	EFO_0003914	atherosclerosis	0.11696870994969318
ENSG00000152284	TCF7L1	transcription factor 7 like 1	EFO_0003914	atherosclerosis	0.1156736591007819
ENSG00000105967	TFEC	transcription factor EC	EFO_0003914	atherosclerosis	0.11549168896511945
ENSG00000113580	NR3C1	nuclear receptor subfamily 3 group C member 1	EFO_0003914	atherosclerosis	0.11534932646227497
ENSG00000176692	FOXC2	forkhead box C2	EFO_0003914	atherosclerosis	0.11527592138511657
ENSG00000110063	DCPS	decapping enzyme, scavenger	EFO_0003914	atherosclerosis	0.1152583659876021
ENSG00000103494	RPGRIP1L	RPGRIP1 like	EFO_0003914	atherosclerosis	0.11467336358038042
ENSG00000125170	DOK4	docking protein 4	EFO_0003914	atherosclerosis	0.11458962937056166
ENSG00000158019	BABAM2	BRISC and BRCA1 A complex member 2	MONDO_0021661	coronary atherosclerosis	0.11444803638441732
ENSG00000108773	KAT2A	lysine acetyltransferase 2A	EFO_0003914	atherosclerosis	0.11393904655600384
ENSG00000130513	GDF15	growth differentiation factor 15	EFO_0003914	atherosclerosis	0.11371636501832724
ENSG00000172137	CALB2	calbindin 2	EFO_0003914	atherosclerosis	0.11236700305140145
ENSG00000123908	AGO2	argonaute RISC catalytic component 2	EFO_0003914	atherosclerosis	0.11223820418318425
ENSG00000133048	CHI3L1	chitinase 3 like 1	EFO_0003914	atherosclerosis	0.11203643618365977
ENSG00000117222	RBBP5	RB binding protein 5, histone lysine methyltransferase complex subunit	MONDO_0021661	coronary atherosclerosis	0.11195816680748806
ENSG00000267467	APOC4	apolipoprotein C4	EFO_0003914	atherosclerosis	0.11190788013396832
ENSG00000204160	ZDHHC18	zDHHC palmitoyltransferase 18	MONDO_0021661	coronary atherosclerosis	0.11162987482652859
ENSG00000104941	RSPH6A	radial spoke head 6 homolog A	MONDO_0021661	coronary atherosclerosis	0.1114586018709814
ENSG00000105550	FGF21	fibroblast growth factor 21	EFO_0003914	atherosclerosis	0.1112984677209525
ENSG00000162711	NLRP3	NLR family pyrin domain containing 3	EFO_0003914	atherosclerosis	0.11115760453107781
ENSG00000232810	TNF	tumor necrosis factor	EFO_0003914	atherosclerosis	0.11115388966463316
ENSG00000196391	ZNF774	zinc finger protein 774	EFO_0003914	atherosclerosis	0.11050535497639705
ENSG00000176624	MEX3C	mex-3 RNA binding family member C	EFO_0003914	atherosclerosis	0.11039248004080554
ENSG00000180914	OXTR	oxytocin receptor	EFO_0003914	atherosclerosis	0.10984005695186623
ENSG00000255974	CYP2A6	cytochrome P450 family 2 subfamily A member 6	EFO_0003914	atherosclerosis	0.10944433489945757
ENSG00000075426	FOSL2	FOS like 2, AP-1 transcription factor subunit	EFO_0003914	atherosclerosis	0.1093458497999173
ENSG00000168917	SLC35G2	solute carrier family 35 member G2	EFO_0003914	atherosclerosis	0.10903497290508998
ENSG00000258597	SERPINA2	serpin family A member 2 (gene/pseudogene)	EFO_0003914	atherosclerosis	0.10873043034257146
ENSG00000105792	CFAP69	cilia and flagella associated protein 69	EFO_0003914	atherosclerosis	0.1083105498763342
ENSG00000120937	NPPB	natriuretic peptide B	EFO_0003914	atherosclerosis	0.10770449323364269
ENSG00000222018	C21orf140	chromosome 21 open reading frame 140	EFO_0003914	atherosclerosis	0.10715403710992136
ENSG00000132693	CRP	C-reactive protein	EFO_0003914	atherosclerosis	0.10705210141552984
ENSG00000171045	TSNARE1	t-SNARE domain containing 1	EFO_0003914	atherosclerosis	0.10637180610556793
ENSG00000196547	MAN2A2	mannosidase alpha class 2A member 2	EFO_0003914	atherosclerosis	0.10514317529089422
ENSG00000120798	NR2C1	nuclear receptor subfamily 2 group C member 1	EFO_0003914	atherosclerosis	0.10501663769685912
ENSG00000081026	MAGI3	membrane associated guanylate kinase, WW and PDZ domain containing 3	MONDO_0021661	coronary atherosclerosis	0.10499557558964087
ENSG00000149091	DGKZ	diacylglycerol kinase zeta	EFO_0003914	atherosclerosis	0.10449592391522262
ENSG00000157214	STEAP2	STEAP2 metalloreductase	EFO_0003914	atherosclerosis	0.1040664611095648
ENSG00000108788	MLX	MAX dimerization protein MLX	EFO_0003914	atherosclerosis	0.1037712548230969
ENSG00000164761	TNFRSF11B	TNF receptor superfamily member 11b	EFO_0003914	atherosclerosis	0.10333075120554691
ENSG00000215695	RSC1A1	regulator of solute carriers 1	MONDO_0021661	coronary atherosclerosis	0.10323357890039649
ENSG00000078804	TP53INP2	tumor protein p53 inducible nuclear protein 2	EFO_0003914	atherosclerosis	0.1027087539565311
ENSG00000166888	STAT6	signal transducer and activator of transcription 6	EFO_0003914	atherosclerosis	0.1023069346849137
ENSG00000121769	FABP3	fatty acid binding protein 3	EFO_0003914	atherosclerosis	0.10208920975215861
ENSG00000181092	ADIPOQ	adiponectin, C1Q and collagen domain containing	EFO_0003914	atherosclerosis	0.10190137382379773
ENSG00000010610	CD4	CD4 molecule	EFO_0003914	atherosclerosis	0.10163870788437117
ENSG00000005381	MPO	myeloperoxidase	EFO_0003914	atherosclerosis	0.10109950185331942
ENSG00000090339	ICAM1	intercellular adhesion molecule 1	EFO_0003914	atherosclerosis	0.10089711893795517
ENSG00000163221	S100A12	S100 calcium binding protein A12	EFO_0003914	atherosclerosis	0.10086166076101336
ENSG00000127663	KDM4B	lysine demethylase 4B	MONDO_0021661	coronary atherosclerosis	0.10062865492574849
ENSG00000125384	PTGER2	prostaglandin E receptor 2	EFO_0003914	atherosclerosis	0.10058410302665353
ENSG00000089009	RPL6	ribosomal protein L6	EFO_0003914	atherosclerosis	0.10022197527819672
ENSG00000115474	KCNJ13	potassium inwardly rectifying channel subfamily J member 13	MONDO_0021661	coronary atherosclerosis	0.10016297024583694
ENSG00000100292	HMOX1	heme oxygenase 1	EFO_0003914	atherosclerosis	0.10009488606976764
