ensembl_gene_id,reactome_stid,reactome_name
ENSG00000281614,R-HSA-1660499,Synthesis of PIPs at the plasma membrane
ENSG00000168918,R-HSA-1660499,Synthesis of PIPs at the plasma membrane
ENSG00000281614,R-HSA-1855204,Synthesis of IP3 and IP4 in the cytosol
ENSG00000168918,R-HSA-1855204,Synthesis of IP3 and IP4 in the cytosol
ENSG00000281614,R-HSA-202424,Downstream TCR signaling
ENSG00000168918,R-HSA-202424,Downstream TCR signaling
ENSG00000281614,R-HSA-210990,PECAM1 interactions
ENSG00000168918,R-HSA-210990,PECAM1 interactions
ENSG00000281614,R-HSA-912526,Interleukin receptor SHC signaling
ENSG00000168918,R-HSA-912526,Interleukin receptor SHC signaling
ENSG00000281614,R-HSA-9680350,Signaling by CSF1 (M-CSF) in myeloid cells
ENSG00000168918,R-HSA-9680350,Signaling by CSF1 (M-CSF) in myeloid cells
ENSG00000005844,R-HSA-198933,Immunoregulatory interactions between a Lymphoid and a non-Lymphoid cell
ENSG00000005844,R-HSA-202733,Cell surface interactions at the vascular wall
ENSG00000005844,R-HSA-216083,Integrin cell surface interactions
ENSG00000005844,R-HSA-6798695,Neutrophil degranulation
ENSG00000005844,R-HSA-8949275,RUNX3 Regulates Immune Response and Cell Migration
ENSG00000169442,R-HSA-163125,Post-translational modification: synthesis of GPI-anchored proteins
ENSG00000163399,R-HSA-5578775,Ion homeostasis
ENSG00000129244,R-HSA-5578775,Ion homeostasis
ENSG00000143153,R-HSA-5578775,Ion homeostasis
ENSG00000018625,R-HSA-5578775,Ion homeostasis
ENSG00000069849,R-HSA-5578775,Ion homeostasis
ENSG00000105409,R-HSA-5578775,Ion homeostasis
ENSG00000132681,R-HSA-5578775,Ion homeostasis
ENSG00000137731,R-HSA-5578775,Ion homeostasis
ENSG00000163399,R-HSA-936837,Ion transport by P-type ATPases
ENSG00000129244,R-HSA-936837,Ion transport by P-type ATPases
ENSG00000143153,R-HSA-936837,Ion transport by P-type ATPases
ENSG00000018625,R-HSA-936837,Ion transport by P-type ATPases
ENSG00000069849,R-HSA-936837,Ion transport by P-type ATPases
ENSG00000105409,R-HSA-936837,Ion transport by P-type ATPases
ENSG00000132681,R-HSA-936837,Ion transport by P-type ATPases
ENSG00000137731,R-HSA-936837,Ion transport by P-type ATPases
ENSG00000163399,R-HSA-9679191,Potential therapeutics for SARS
ENSG00000129244,R-HSA-9679191,Potential therapeutics for SARS
ENSG00000143153,R-HSA-9679191,Potential therapeutics for SARS
ENSG00000018625,R-HSA-9679191,Potential therapeutics for SARS
ENSG00000069849,R-HSA-9679191,Potential therapeutics for SARS
ENSG00000105409,R-HSA-9679191,Potential therapeutics for SARS
ENSG00000132681,R-HSA-9679191,Potential therapeutics for SARS
ENSG00000137731,R-HSA-9679191,Potential therapeutics for SARS
ENSG00000163399,R-HSA-210991,Basigin interactions
ENSG00000129244,R-HSA-210991,Basigin interactions
ENSG00000143153,R-HSA-210991,Basigin interactions
ENSG00000018625,R-HSA-210991,Basigin interactions
ENSG00000069849,R-HSA-210991,Basigin interactions
ENSG00000105409,R-HSA-210991,Basigin interactions
ENSG00000132681,R-HSA-210991,Basigin interactions
ENSG00000137731,R-HSA-210991,Basigin interactions
ENSG00000160255,R-HSA-166016,Toll Like Receptor 4 (TLR4) Cascade
ENSG00000169896,R-HSA-166016,Toll Like Receptor 4 (TLR4) Cascade
ENSG00000160255,R-HSA-198933,Immunoregulatory interactions between a Lymphoid and a non-Lymphoid cell
ENSG00000169896,R-HSA-198933,Immunoregulatory interactions between a Lymphoid and a non-Lymphoid cell
ENSG00000160255,R-HSA-202733,Cell surface interactions at the vascular wall
ENSG00000169896,R-HSA-202733,Cell surface interactions at the vascular wall
ENSG00000160255,R-HSA-216083,Integrin cell surface interactions
ENSG00000169896,R-HSA-216083,Integrin cell surface interactions
ENSG00000160255,R-HSA-6785807,Interleukin-4 and Interleukin-13 signaling
ENSG00000169896,R-HSA-6785807,Interleukin-4 and Interleukin-13 signaling
ENSG00000160255,R-HSA-6798695,Neutrophil degranulation
ENSG00000169896,R-HSA-6798695,Neutrophil degranulation
ENSG00000105639,R-HSA-1266695,Interleukin-7 signaling
ENSG00000105639,R-HSA-201556,Signaling by ALK
ENSG00000105639,R-HSA-5673001,RAF/MAP kinase cascade
ENSG00000105639,R-HSA-6785807,Interleukin-4 and Interleukin-13 signaling
ENSG00000105639,R-HSA-8854691,Interleukin-20 family signaling
ENSG00000105639,R-HSA-8983432,Interleukin-15 signaling
ENSG00000105639,R-HSA-8985947,Interleukin-9 signaling
ENSG00000105639,R-HSA-9020558,Interleukin-2 signaling
ENSG00000105639,R-HSA-9020958,Interleukin-21 signaling
ENSG00000105639,R-HSA-912526,Interleukin receptor SHC signaling
ENSG00000105639,R-HSA-9679191,Potential therapeutics for SARS
ENSG00000109861,R-HSA-204005,COPII-mediated vesicle transport
ENSG00000109861,R-HSA-2132295,MHC class II antigen presentation
ENSG00000109861,R-HSA-5694530,Cargo concentration in the ER
ENSG00000109861,R-HSA-6798695,Neutrophil degranulation
ENSG00000162434,R-HSA-1266695,Interleukin-7 signaling
ENSG00000096968,R-HSA-1266695,Interleukin-7 signaling
ENSG00000105397,R-HSA-1266695,Interleukin-7 signaling
ENSG00000162434,R-HSA-201556,Signaling by ALK
ENSG00000096968,R-HSA-201556,Signaling by ALK
ENSG00000105397,R-HSA-201556,Signaling by ALK
ENSG00000162434,R-HSA-5673001,RAF/MAP kinase cascade
ENSG00000096968,R-HSA-5673001,RAF/MAP kinase cascade
ENSG00000105397,R-HSA-5673001,RAF/MAP kinase cascade
ENSG00000162434,R-HSA-6785807,Interleukin-4 and Interleukin-13 signaling
ENSG00000096968,R-HSA-6785807,Interleukin-4 and Interleukin-13 signaling
ENSG00000105397,R-HSA-6785807,Interleukin-4 and Interleukin-13 signaling
ENSG00000162434,R-HSA-8854691,Interleukin-20 family signaling
ENSG00000096968,R-HSA-8854691,Interleukin-20 family signaling
ENSG00000105397,R-HSA-8854691,Interleukin-20 family signaling
ENSG00000162434,R-HSA-8983432,Interleukin-15 signaling
ENSG00000096968,R-HSA-8983432,Interleukin-15 signaling
ENSG00000105397,R-HSA-8983432,Interleukin-15 signaling
ENSG00000162434,R-HSA-8985947,Interleukin-9 signaling
ENSG00000096968,R-HSA-8985947,Interleukin-9 signaling
ENSG00000105397,R-HSA-8985947,Interleukin-9 signaling
ENSG00000162434,R-HSA-9020558,Interleukin-2 signaling
ENSG00000096968,R-HSA-9020558,Interleukin-2 signaling
ENSG00000105397,R-HSA-9020558,Interleukin-2 signaling
ENSG00000162434,R-HSA-9020958,Interleukin-21 signaling
ENSG00000096968,R-HSA-9020958,Interleukin-21 signaling
ENSG00000105397,R-HSA-9020958,Interleukin-21 signaling
ENSG00000162434,R-HSA-912526,Interleukin receptor SHC signaling
ENSG00000096968,R-HSA-912526,Interleukin receptor SHC signaling
ENSG00000105397,R-HSA-912526,Interleukin receptor SHC signaling
ENSG00000162434,R-HSA-9679191,Potential therapeutics for SARS
ENSG00000096968,R-HSA-9679191,Potential therapeutics for SARS
ENSG00000105397,R-HSA-9679191,Potential therapeutics for SARS
ENSG00000105639,R-HSA-1059683,Interleukin-6 signaling
ENSG00000162434,R-HSA-1059683,Interleukin-6 signaling
ENSG00000096968,R-HSA-1059683,Interleukin-6 signaling
ENSG00000105397,R-HSA-1059683,Interleukin-6 signaling
ENSG00000105639,R-HSA-110056,MAPK3 (ERK1) activation
ENSG00000162434,R-HSA-110056,MAPK3 (ERK1) activation
ENSG00000096968,R-HSA-110056,MAPK3 (ERK1) activation
ENSG00000105397,R-HSA-110056,MAPK3 (ERK1) activation
ENSG00000105639,R-HSA-112411,MAPK1 (ERK2) activation
ENSG00000162434,R-HSA-112411,MAPK1 (ERK2) activation
ENSG00000096968,R-HSA-112411,MAPK1 (ERK2) activation
ENSG00000105397,R-HSA-112411,MAPK1 (ERK2) activation
ENSG00000105639,R-HSA-1169408,ISG15 antiviral mechanism
ENSG00000162434,R-HSA-1169408,ISG15 antiviral mechanism
ENSG00000096968,R-HSA-1169408,ISG15 antiviral mechanism
ENSG00000105397,R-HSA-1169408,ISG15 antiviral mechanism
ENSG00000105639,R-HSA-449836,Other interleukin signaling
ENSG00000162434,R-HSA-449836,Other interleukin signaling
ENSG00000096968,R-HSA-449836,Other interleukin signaling
ENSG00000105397,R-HSA-449836,Other interleukin signaling
ENSG00000105639,R-HSA-6783783,Interleukin-10 signaling
ENSG00000162434,R-HSA-6783783,Interleukin-10 signaling
ENSG00000096968,R-HSA-6783783,Interleukin-10 signaling
ENSG00000105397,R-HSA-6783783,Interleukin-10 signaling
ENSG00000105639,R-HSA-6788467,IL-6-type cytokine receptor ligand interactions
ENSG00000162434,R-HSA-6788467,IL-6-type cytokine receptor ligand interactions
ENSG00000096968,R-HSA-6788467,IL-6-type cytokine receptor ligand interactions
ENSG00000105397,R-HSA-6788467,IL-6-type cytokine receptor ligand interactions
ENSG00000105639,R-HSA-877300,Interferon gamma signaling
ENSG00000162434,R-HSA-877300,Interferon gamma signaling
ENSG00000096968,R-HSA-877300,Interferon gamma signaling
ENSG00000105397,R-HSA-877300,Interferon gamma signaling
ENSG00000105639,R-HSA-877312,Regulation of IFNG signaling
ENSG00000162434,R-HSA-877312,Regulation of IFNG signaling
ENSG00000096968,R-HSA-877312,Regulation of IFNG signaling
ENSG00000105397,R-HSA-877312,Regulation of IFNG signaling
ENSG00000105639,R-HSA-8984722,Interleukin-35 Signalling
ENSG00000162434,R-HSA-8984722,Interleukin-35 Signalling
ENSG00000096968,R-HSA-8984722,Interleukin-35 Signalling
ENSG00000105397,R-HSA-8984722,Interleukin-35 Signalling
ENSG00000105639,R-HSA-9020591,Interleukin-12 signaling
ENSG00000162434,R-HSA-9020591,Interleukin-12 signaling
ENSG00000096968,R-HSA-9020591,Interleukin-12 signaling
ENSG00000105397,R-HSA-9020591,Interleukin-12 signaling
ENSG00000105639,R-HSA-9020956,Interleukin-27 signaling
ENSG00000162434,R-HSA-9020956,Interleukin-27 signaling
ENSG00000096968,R-HSA-9020956,Interleukin-27 signaling
ENSG00000105397,R-HSA-9020956,Interleukin-27 signaling
ENSG00000105639,R-HSA-909733,Interferon alpha/beta signaling
ENSG00000162434,R-HSA-909733,Interferon alpha/beta signaling
ENSG00000096968,R-HSA-909733,Interferon alpha/beta signaling
ENSG00000105397,R-HSA-909733,Interferon alpha/beta signaling
ENSG00000105639,R-HSA-912694,Regulation of IFNA/IFNB signaling
ENSG00000162434,R-HSA-912694,Regulation of IFNA/IFNB signaling
ENSG00000096968,R-HSA-912694,Regulation of IFNA/IFNB signaling
ENSG00000105397,R-HSA-912694,Regulation of IFNA/IFNB signaling
ENSG00000105639,R-HSA-9674555,Signaling by CSF3 (G-CSF)
ENSG00000162434,R-HSA-9674555,Signaling by CSF3 (G-CSF)
ENSG00000096968,R-HSA-9674555,Signaling by CSF3 (G-CSF)
ENSG00000105397,R-HSA-9674555,Signaling by CSF3 (G-CSF)
ENSG00000105639,R-HSA-9705462,Inactivation of CSF3 (G-CSF) signaling
ENSG00000162434,R-HSA-9705462,Inactivation of CSF3 (G-CSF) signaling
ENSG00000096968,R-HSA-9705462,Inactivation of CSF3 (G-CSF) signaling
ENSG00000105397,R-HSA-9705462,Inactivation of CSF3 (G-CSF) signaling
ENSG00000105639,R-HSA-9705671,SARS-CoV-2 activates/modulates innate and adaptive immune responses
ENSG00000162434,R-HSA-9705671,SARS-CoV-2 activates/modulates innate and adaptive immune responses
ENSG00000096968,R-HSA-9705671,SARS-CoV-2 activates/modulates innate and adaptive immune responses
ENSG00000105397,R-HSA-9705671,SARS-CoV-2 activates/modulates innate and adaptive immune responses
ENSG00000105639,R-HSA-9732724,IFNG signaling activates MAPKs
ENSG00000162434,R-HSA-9732724,IFNG signaling activates MAPKs
ENSG00000096968,R-HSA-9732724,IFNG signaling activates MAPKs
ENSG00000105397,R-HSA-9732724,IFNG signaling activates MAPKs
ENSG00000105639,R-HSA-9833109,Evasion by RSV of host interferon responses
ENSG00000162434,R-HSA-9833109,Evasion by RSV of host interferon responses
ENSG00000096968,R-HSA-9833109,Evasion by RSV of host interferon responses
ENSG00000105397,R-HSA-9833109,Evasion by RSV of host interferon responses
ENSG00000105639,R-HSA-9931295,PD-L1(CD274) glycosylation and translocation to plasma membrane
ENSG00000162434,R-HSA-9931295,PD-L1(CD274) glycosylation and translocation to plasma membrane
ENSG00000096968,R-HSA-9931295,PD-L1(CD274) glycosylation and translocation to plasma membrane
ENSG00000105397,R-HSA-9931295,PD-L1(CD274) glycosylation and translocation to plasma membrane
ENSG00000105639,R-HSA-1170546,Prolactin receptor signaling
ENSG00000162434,R-HSA-1170546,Prolactin receptor signaling
ENSG00000096968,R-HSA-1170546,Prolactin receptor signaling
ENSG00000105397,R-HSA-1170546,Prolactin receptor signaling
ENSG00000105639,R-HSA-1433557,Signaling by SCF-KIT
ENSG00000162434,R-HSA-1433557,Signaling by SCF-KIT
ENSG00000096968,R-HSA-1433557,Signaling by SCF-KIT
ENSG00000105397,R-HSA-1433557,Signaling by SCF-KIT
ENSG00000105639,R-HSA-2586552,Signaling by Leptin
ENSG00000162434,R-HSA-2586552,Signaling by Leptin
ENSG00000096968,R-HSA-2586552,Signaling by Leptin
ENSG00000105397,R-HSA-2586552,Signaling by Leptin
ENSG00000105639,R-HSA-3214858,RMTs methylate histone arginines
ENSG00000162434,R-HSA-3214858,RMTs methylate histone arginines
ENSG00000096968,R-HSA-3214858,RMTs methylate histone arginines
ENSG00000105397,R-HSA-3214858,RMTs methylate histone arginines
ENSG00000105639,R-HSA-512988,"Interleukin-3, Interleukin-5 and GM-CSF signaling"
ENSG00000162434,R-HSA-512988,"Interleukin-3, Interleukin-5 and GM-CSF signaling"
ENSG00000096968,R-HSA-512988,"Interleukin-3, Interleukin-5 and GM-CSF signaling"
ENSG00000105397,R-HSA-512988,"Interleukin-3, Interleukin-5 and GM-CSF signaling"
ENSG00000105639,R-HSA-5673000,RAF activation
ENSG00000162434,R-HSA-5673000,RAF activation
ENSG00000096968,R-HSA-5673000,RAF activation
ENSG00000105397,R-HSA-5673000,RAF activation
ENSG00000105639,R-HSA-6802946,Signaling by moderate kinase activity BRAF mutants
ENSG00000162434,R-HSA-6802946,Signaling by moderate kinase activity BRAF mutants
ENSG00000096968,R-HSA-6802946,Signaling by moderate kinase activity BRAF mutants
ENSG00000105397,R-HSA-6802946,Signaling by moderate kinase activity BRAF mutants
ENSG00000105639,R-HSA-6802952,Signaling by BRAF and RAF1 fusions
ENSG00000162434,R-HSA-6802952,Signaling by BRAF and RAF1 fusions
ENSG00000096968,R-HSA-6802952,Signaling by BRAF and RAF1 fusions
ENSG00000105397,R-HSA-6802952,Signaling by BRAF and RAF1 fusions
ENSG00000105639,R-HSA-6802955,Paradoxical activation of RAF signaling by kinase inactive BRAF
ENSG00000162434,R-HSA-6802955,Paradoxical activation of RAF signaling by kinase inactive BRAF
ENSG00000096968,R-HSA-6802955,Paradoxical activation of RAF signaling by kinase inactive BRAF
ENSG00000105397,R-HSA-6802955,Paradoxical activation of RAF signaling by kinase inactive BRAF
ENSG00000105639,R-HSA-69231,Cyclin D associated events in G1
ENSG00000162434,R-HSA-69231,Cyclin D associated events in G1
ENSG00000096968,R-HSA-69231,Cyclin D associated events in G1
ENSG00000105397,R-HSA-69231,Cyclin D associated events in G1
ENSG00000105639,R-HSA-9006335,Signaling by Erythropoietin
ENSG00000162434,R-HSA-9006335,Signaling by Erythropoietin
ENSG00000096968,R-HSA-9006335,Signaling by Erythropoietin
ENSG00000105397,R-HSA-9006335,Signaling by Erythropoietin
ENSG00000105639,R-HSA-9020933,Interleukin-23 signaling
ENSG00000162434,R-HSA-9020933,Interleukin-23 signaling
ENSG00000096968,R-HSA-9020933,Interleukin-23 signaling
ENSG00000105397,R-HSA-9020933,Interleukin-23 signaling
ENSG00000105639,R-HSA-9027276,Erythropoietin activates Phosphoinositide-3-kinase (PI3K)
ENSG00000162434,R-HSA-9027276,Erythropoietin activates Phosphoinositide-3-kinase (PI3K)
ENSG00000096968,R-HSA-9027276,Erythropoietin activates Phosphoinositide-3-kinase (PI3K)
ENSG00000105397,R-HSA-9027276,Erythropoietin activates Phosphoinositide-3-kinase (PI3K)
ENSG00000105639,R-HSA-9027277,Erythropoietin activates Phospholipase C gamma (PLCG)
ENSG00000162434,R-HSA-9027277,Erythropoietin activates Phospholipase C gamma (PLCG)
ENSG00000096968,R-HSA-9027277,Erythropoietin activates Phospholipase C gamma (PLCG)
ENSG00000105397,R-HSA-9027277,Erythropoietin activates Phospholipase C gamma (PLCG)
ENSG00000105639,R-HSA-9027283,Erythropoietin activates STAT5
ENSG00000162434,R-HSA-9027283,Erythropoietin activates STAT5
ENSG00000096968,R-HSA-9027283,Erythropoietin activates STAT5
ENSG00000105397,R-HSA-9027283,Erythropoietin activates STAT5
ENSG00000105639,R-HSA-9027284,Erythropoietin activates RAS
ENSG00000162434,R-HSA-9027284,Erythropoietin activates RAS
ENSG00000096968,R-HSA-9027284,Erythropoietin activates RAS
ENSG00000105397,R-HSA-9027284,Erythropoietin activates RAS
ENSG00000105639,R-HSA-9649948,Signaling downstream of RAS mutants
ENSG00000162434,R-HSA-9649948,Signaling downstream of RAS mutants
ENSG00000096968,R-HSA-9649948,Signaling downstream of RAS mutants
ENSG00000105397,R-HSA-9649948,Signaling downstream of RAS mutants
ENSG00000105639,R-HSA-9656223,Signaling by RAF1 mutants
ENSG00000162434,R-HSA-9656223,Signaling by RAF1 mutants
ENSG00000096968,R-HSA-9656223,Signaling by RAF1 mutants
ENSG00000105397,R-HSA-9656223,Signaling by RAF1 mutants
ENSG00000105639,R-HSA-9670439,"Signaling by phosphorylated juxtamembrane, extracellular and kinase domain KIT mutants"
ENSG00000162434,R-HSA-9670439,"Signaling by phosphorylated juxtamembrane, extracellular and kinase domain KIT mutants"
ENSG00000096968,R-HSA-9670439,"Signaling by phosphorylated juxtamembrane, extracellular and kinase domain KIT mutants"
ENSG00000105397,R-HSA-9670439,"Signaling by phosphorylated juxtamembrane, extracellular and kinase domain KIT mutants"
ENSG00000105639,R-HSA-982772,Growth hormone receptor signaling
ENSG00000162434,R-HSA-982772,Growth hormone receptor signaling
ENSG00000096968,R-HSA-982772,Growth hormone receptor signaling
ENSG00000105397,R-HSA-982772,Growth hormone receptor signaling
ENSG00000105639,R-HSA-983231,Factors involved in megakaryocyte development and platelet production
ENSG00000162434,R-HSA-983231,Factors involved in megakaryocyte development and platelet production
ENSG00000096968,R-HSA-983231,Factors involved in megakaryocyte development and platelet production
ENSG00000105397,R-HSA-983231,Factors involved in megakaryocyte development and platelet production
ENSG00000105639,R-HSA-9725370,Signaling by ALK fusions and activated point mutants
ENSG00000162434,R-HSA-9725370,Signaling by ALK fusions and activated point mutants
ENSG00000096968,R-HSA-9725370,Signaling by ALK fusions and activated point mutants
ENSG00000105397,R-HSA-9725370,Signaling by ALK fusions and activated point mutants
ENSG00000142166,R-HSA-909733,Interferon alpha/beta signaling
ENSG00000159110,R-HSA-909733,Interferon alpha/beta signaling
ENSG00000142166,R-HSA-912694,Regulation of IFNA/IFNB signaling
ENSG00000159110,R-HSA-912694,Regulation of IFNA/IFNB signaling
ENSG00000142166,R-HSA-9679191,Potential therapeutics for SARS
ENSG00000159110,R-HSA-9679191,Potential therapeutics for SARS
ENSG00000142166,R-HSA-9705671,SARS-CoV-2 activates/modulates innate and adaptive immune responses
ENSG00000159110,R-HSA-9705671,SARS-CoV-2 activates/modulates innate and adaptive immune responses
ENSG00000142166,R-HSA-9833109,Evasion by RSV of host interferon responses
ENSG00000159110,R-HSA-9833109,Evasion by RSV of host interferon responses
ENSG00000160255,R-HSA-8949275,RUNX3 Regulates Immune Response and Cell Migration
ENSG00000005844,R-HSA-166016,Toll Like Receptor 4 (TLR4) Cascade
ENSG00000005844,R-HSA-6785807,Interleukin-4 and Interleukin-13 signaling
ENSG00000163823,R-HSA-380108,Chemokine receptors bind chemokines
ENSG00000163823,R-HSA-418594,G alpha (i) signalling events
ENSG00000163823,R-HSA-6783783,Interleukin-10 signaling
ENSG00000198121,R-HSA-416476,G alpha (q) signalling events
ENSG00000198121,R-HSA-418594,G alpha (i) signalling events
ENSG00000198121,R-HSA-419408,Lysosphingolipid and LPA receptors
ENSG00000196954,R-HSA-168638,NOD1/2 Signaling Pathway
ENSG00000132906,R-HSA-168638,NOD1/2 Signaling Pathway
ENSG00000164305,R-HSA-168638,NOD1/2 Signaling Pathway
ENSG00000137757,R-HSA-168638,NOD1/2 Signaling Pathway
ENSG00000138794,R-HSA-168638,NOD1/2 Signaling Pathway
ENSG00000165806,R-HSA-168638,NOD1/2 Signaling Pathway
ENSG00000064012,R-HSA-168638,NOD1/2 Signaling Pathway
ENSG00000137752,R-HSA-168638,NOD1/2 Signaling Pathway
ENSG00000106144,R-HSA-168638,NOD1/2 Signaling Pathway
ENSG00000003400,R-HSA-168638,NOD1/2 Signaling Pathway
ENSG00000105141,R-HSA-168638,NOD1/2 Signaling Pathway
ENSG00000204403,R-HSA-168638,NOD1/2 Signaling Pathway
ENSG00000291983,R-HSA-168638,NOD1/2 Signaling Pathway
ENSG00000196954,R-HSA-5620971,Pyroptosis
ENSG00000132906,R-HSA-5620971,Pyroptosis
ENSG00000164305,R-HSA-5620971,Pyroptosis
ENSG00000137757,R-HSA-5620971,Pyroptosis
ENSG00000138794,R-HSA-5620971,Pyroptosis
ENSG00000165806,R-HSA-5620971,Pyroptosis
ENSG00000064012,R-HSA-5620971,Pyroptosis
ENSG00000137752,R-HSA-5620971,Pyroptosis
ENSG00000106144,R-HSA-5620971,Pyroptosis
ENSG00000003400,R-HSA-5620971,Pyroptosis
ENSG00000105141,R-HSA-5620971,Pyroptosis
ENSG00000204403,R-HSA-5620971,Pyroptosis
ENSG00000291983,R-HSA-5620971,Pyroptosis
ENSG00000196954,R-HSA-9948001,CASP4 inflammasome assembly
ENSG00000132906,R-HSA-9948001,CASP4 inflammasome assembly
ENSG00000164305,R-HSA-9948001,CASP4 inflammasome assembly
ENSG00000137757,R-HSA-9948001,CASP4 inflammasome assembly
ENSG00000138794,R-HSA-9948001,CASP4 inflammasome assembly
ENSG00000165806,R-HSA-9948001,CASP4 inflammasome assembly
ENSG00000064012,R-HSA-9948001,CASP4 inflammasome assembly
ENSG00000137752,R-HSA-9948001,CASP4 inflammasome assembly
ENSG00000106144,R-HSA-9948001,CASP4 inflammasome assembly
ENSG00000003400,R-HSA-9948001,CASP4 inflammasome assembly
ENSG00000105141,R-HSA-9948001,CASP4 inflammasome assembly
ENSG00000204403,R-HSA-9948001,CASP4 inflammasome assembly
ENSG00000291983,R-HSA-9948001,CASP4 inflammasome assembly
ENSG00000196954,R-HSA-9956593,Enterobacterial factors antagonize host defense 
ENSG00000132906,R-HSA-9956593,Enterobacterial factors antagonize host defense 
ENSG00000164305,R-HSA-9956593,Enterobacterial factors antagonize host defense 
ENSG00000137757,R-HSA-9956593,Enterobacterial factors antagonize host defense 
ENSG00000138794,R-HSA-9956593,Enterobacterial factors antagonize host defense 
ENSG00000165806,R-HSA-9956593,Enterobacterial factors antagonize host defense 
ENSG00000064012,R-HSA-9956593,Enterobacterial factors antagonize host defense 
ENSG00000137752,R-HSA-9956593,Enterobacterial factors antagonize host defense 
ENSG00000106144,R-HSA-9956593,Enterobacterial factors antagonize host defense 
ENSG00000003400,R-HSA-9956593,Enterobacterial factors antagonize host defense 
ENSG00000105141,R-HSA-9956593,Enterobacterial factors antagonize host defense 
ENSG00000204403,R-HSA-9956593,Enterobacterial factors antagonize host defense 
ENSG00000291983,R-HSA-9956593,Enterobacterial factors antagonize host defense 
ENSG00000196954,R-HSA-9960519,CASP4-mediated substrate cleavage
ENSG00000132906,R-HSA-9960519,CASP4-mediated substrate cleavage
ENSG00000164305,R-HSA-9960519,CASP4-mediated substrate cleavage
ENSG00000137757,R-HSA-9960519,CASP4-mediated substrate cleavage
ENSG00000138794,R-HSA-9960519,CASP4-mediated substrate cleavage
ENSG00000165806,R-HSA-9960519,CASP4-mediated substrate cleavage
ENSG00000064012,R-HSA-9960519,CASP4-mediated substrate cleavage
ENSG00000137752,R-HSA-9960519,CASP4-mediated substrate cleavage
ENSG00000106144,R-HSA-9960519,CASP4-mediated substrate cleavage
ENSG00000003400,R-HSA-9960519,CASP4-mediated substrate cleavage
ENSG00000105141,R-HSA-9960519,CASP4-mediated substrate cleavage
ENSG00000204403,R-HSA-9960519,CASP4-mediated substrate cleavage
ENSG00000291983,R-HSA-9960519,CASP4-mediated substrate cleavage
ENSG00000196954,R-HSA-111458,Formation of apoptosome
ENSG00000132906,R-HSA-111458,Formation of apoptosome
ENSG00000164305,R-HSA-111458,Formation of apoptosome
ENSG00000137757,R-HSA-111458,Formation of apoptosome
ENSG00000138794,R-HSA-111458,Formation of apoptosome
ENSG00000165806,R-HSA-111458,Formation of apoptosome
ENSG00000064012,R-HSA-111458,Formation of apoptosome
ENSG00000137752,R-HSA-111458,Formation of apoptosome
ENSG00000106144,R-HSA-111458,Formation of apoptosome
ENSG00000003400,R-HSA-111458,Formation of apoptosome
ENSG00000105141,R-HSA-111458,Formation of apoptosome
ENSG00000204403,R-HSA-111458,Formation of apoptosome
ENSG00000291983,R-HSA-111458,Formation of apoptosome
ENSG00000196954,R-HSA-111459,Activation of caspases through apoptosome-mediated cleavage
ENSG00000132906,R-HSA-111459,Activation of caspases through apoptosome-mediated cleavage
ENSG00000164305,R-HSA-111459,Activation of caspases through apoptosome-mediated cleavage
ENSG00000137757,R-HSA-111459,Activation of caspases through apoptosome-mediated cleavage
ENSG00000138794,R-HSA-111459,Activation of caspases through apoptosome-mediated cleavage
ENSG00000165806,R-HSA-111459,Activation of caspases through apoptosome-mediated cleavage
ENSG00000064012,R-HSA-111459,Activation of caspases through apoptosome-mediated cleavage
ENSG00000137752,R-HSA-111459,Activation of caspases through apoptosome-mediated cleavage
ENSG00000106144,R-HSA-111459,Activation of caspases through apoptosome-mediated cleavage
ENSG00000003400,R-HSA-111459,Activation of caspases through apoptosome-mediated cleavage
ENSG00000105141,R-HSA-111459,Activation of caspases through apoptosome-mediated cleavage
ENSG00000204403,R-HSA-111459,Activation of caspases through apoptosome-mediated cleavage
ENSG00000291983,R-HSA-111459,Activation of caspases through apoptosome-mediated cleavage
ENSG00000196954,R-HSA-111463,SMAC (DIABLO) binds to IAPs 
ENSG00000132906,R-HSA-111463,SMAC (DIABLO) binds to IAPs 
ENSG00000164305,R-HSA-111463,SMAC (DIABLO) binds to IAPs 
ENSG00000137757,R-HSA-111463,SMAC (DIABLO) binds to IAPs 
ENSG00000138794,R-HSA-111463,SMAC (DIABLO) binds to IAPs 
ENSG00000165806,R-HSA-111463,SMAC (DIABLO) binds to IAPs 
ENSG00000064012,R-HSA-111463,SMAC (DIABLO) binds to IAPs 
ENSG00000137752,R-HSA-111463,SMAC (DIABLO) binds to IAPs 
ENSG00000106144,R-HSA-111463,SMAC (DIABLO) binds to IAPs 
ENSG00000003400,R-HSA-111463,SMAC (DIABLO) binds to IAPs 
ENSG00000105141,R-HSA-111463,SMAC (DIABLO) binds to IAPs 
ENSG00000204403,R-HSA-111463,SMAC (DIABLO) binds to IAPs 
ENSG00000291983,R-HSA-111463,SMAC (DIABLO) binds to IAPs 
ENSG00000196954,R-HSA-111464,SMAC(DIABLO)-mediated dissociation of IAP:caspase complexes 
ENSG00000132906,R-HSA-111464,SMAC(DIABLO)-mediated dissociation of IAP:caspase complexes 
ENSG00000164305,R-HSA-111464,SMAC(DIABLO)-mediated dissociation of IAP:caspase complexes 
ENSG00000137757,R-HSA-111464,SMAC(DIABLO)-mediated dissociation of IAP:caspase complexes 
ENSG00000138794,R-HSA-111464,SMAC(DIABLO)-mediated dissociation of IAP:caspase complexes 
ENSG00000165806,R-HSA-111464,SMAC(DIABLO)-mediated dissociation of IAP:caspase complexes 
ENSG00000064012,R-HSA-111464,SMAC(DIABLO)-mediated dissociation of IAP:caspase complexes 
ENSG00000137752,R-HSA-111464,SMAC(DIABLO)-mediated dissociation of IAP:caspase complexes 
ENSG00000106144,R-HSA-111464,SMAC(DIABLO)-mediated dissociation of IAP:caspase complexes 
ENSG00000003400,R-HSA-111464,SMAC(DIABLO)-mediated dissociation of IAP:caspase complexes 
ENSG00000105141,R-HSA-111464,SMAC(DIABLO)-mediated dissociation of IAP:caspase complexes 
ENSG00000204403,R-HSA-111464,SMAC(DIABLO)-mediated dissociation of IAP:caspase complexes 
ENSG00000291983,R-HSA-111464,SMAC(DIABLO)-mediated dissociation of IAP:caspase complexes 
ENSG00000196954,R-HSA-198323,AKT phosphorylates targets in the cytosol
ENSG00000132906,R-HSA-198323,AKT phosphorylates targets in the cytosol
ENSG00000164305,R-HSA-198323,AKT phosphorylates targets in the cytosol
ENSG00000137757,R-HSA-198323,AKT phosphorylates targets in the cytosol
ENSG00000138794,R-HSA-198323,AKT phosphorylates targets in the cytosol
ENSG00000165806,R-HSA-198323,AKT phosphorylates targets in the cytosol
ENSG00000064012,R-HSA-198323,AKT phosphorylates targets in the cytosol
ENSG00000137752,R-HSA-198323,AKT phosphorylates targets in the cytosol
ENSG00000106144,R-HSA-198323,AKT phosphorylates targets in the cytosol
ENSG00000003400,R-HSA-198323,AKT phosphorylates targets in the cytosol
ENSG00000105141,R-HSA-198323,AKT phosphorylates targets in the cytosol
ENSG00000204403,R-HSA-198323,AKT phosphorylates targets in the cytosol
ENSG00000291983,R-HSA-198323,AKT phosphorylates targets in the cytosol
ENSG00000196954,R-HSA-418889,Caspase activation via Dependence Receptors in the absence of ligand
ENSG00000132906,R-HSA-418889,Caspase activation via Dependence Receptors in the absence of ligand
ENSG00000164305,R-HSA-418889,Caspase activation via Dependence Receptors in the absence of ligand
ENSG00000137757,R-HSA-418889,Caspase activation via Dependence Receptors in the absence of ligand
ENSG00000138794,R-HSA-418889,Caspase activation via Dependence Receptors in the absence of ligand
ENSG00000165806,R-HSA-418889,Caspase activation via Dependence Receptors in the absence of ligand
ENSG00000064012,R-HSA-418889,Caspase activation via Dependence Receptors in the absence of ligand
ENSG00000137752,R-HSA-418889,Caspase activation via Dependence Receptors in the absence of ligand
ENSG00000106144,R-HSA-418889,Caspase activation via Dependence Receptors in the absence of ligand
ENSG00000003400,R-HSA-418889,Caspase activation via Dependence Receptors in the absence of ligand
ENSG00000105141,R-HSA-418889,Caspase activation via Dependence Receptors in the absence of ligand
ENSG00000204403,R-HSA-418889,Caspase activation via Dependence Receptors in the absence of ligand
ENSG00000291983,R-HSA-418889,Caspase activation via Dependence Receptors in the absence of ligand
ENSG00000196954,R-HSA-5674400,Constitutive Signaling by AKT1 E17K in Cancer
ENSG00000132906,R-HSA-5674400,Constitutive Signaling by AKT1 E17K in Cancer
ENSG00000164305,R-HSA-5674400,Constitutive Signaling by AKT1 E17K in Cancer
ENSG00000137757,R-HSA-5674400,Constitutive Signaling by AKT1 E17K in Cancer
ENSG00000138794,R-HSA-5674400,Constitutive Signaling by AKT1 E17K in Cancer
ENSG00000165806,R-HSA-5674400,Constitutive Signaling by AKT1 E17K in Cancer
ENSG00000064012,R-HSA-5674400,Constitutive Signaling by AKT1 E17K in Cancer
ENSG00000137752,R-HSA-5674400,Constitutive Signaling by AKT1 E17K in Cancer
ENSG00000106144,R-HSA-5674400,Constitutive Signaling by AKT1 E17K in Cancer
ENSG00000003400,R-HSA-5674400,Constitutive Signaling by AKT1 E17K in Cancer
ENSG00000105141,R-HSA-5674400,Constitutive Signaling by AKT1 E17K in Cancer
ENSG00000204403,R-HSA-5674400,Constitutive Signaling by AKT1 E17K in Cancer
ENSG00000291983,R-HSA-5674400,Constitutive Signaling by AKT1 E17K in Cancer
ENSG00000196954,R-HSA-9627069,Regulation of the apoptosome activity
ENSG00000132906,R-HSA-9627069,Regulation of the apoptosome activity
ENSG00000164305,R-HSA-9627069,Regulation of the apoptosome activity
ENSG00000137757,R-HSA-9627069,Regulation of the apoptosome activity
ENSG00000138794,R-HSA-9627069,Regulation of the apoptosome activity
ENSG00000165806,R-HSA-9627069,Regulation of the apoptosome activity
ENSG00000064012,R-HSA-9627069,Regulation of the apoptosome activity
ENSG00000137752,R-HSA-9627069,Regulation of the apoptosome activity
ENSG00000106144,R-HSA-9627069,Regulation of the apoptosome activity
ENSG00000003400,R-HSA-9627069,Regulation of the apoptosome activity
ENSG00000105141,R-HSA-9627069,Regulation of the apoptosome activity
ENSG00000204403,R-HSA-9627069,Regulation of the apoptosome activity
ENSG00000291983,R-HSA-9627069,Regulation of the apoptosome activity
ENSG00000196954,R-HSA-111465,Apoptotic cleavage of cellular proteins
ENSG00000132906,R-HSA-111465,Apoptotic cleavage of cellular proteins
ENSG00000164305,R-HSA-111465,Apoptotic cleavage of cellular proteins
ENSG00000137757,R-HSA-111465,Apoptotic cleavage of cellular proteins
ENSG00000138794,R-HSA-111465,Apoptotic cleavage of cellular proteins
ENSG00000165806,R-HSA-111465,Apoptotic cleavage of cellular proteins
ENSG00000064012,R-HSA-111465,Apoptotic cleavage of cellular proteins
ENSG00000137752,R-HSA-111465,Apoptotic cleavage of cellular proteins
ENSG00000106144,R-HSA-111465,Apoptotic cleavage of cellular proteins
ENSG00000003400,R-HSA-111465,Apoptotic cleavage of cellular proteins
ENSG00000105141,R-HSA-111465,Apoptotic cleavage of cellular proteins
ENSG00000204403,R-HSA-111465,Apoptotic cleavage of cellular proteins
ENSG00000291983,R-HSA-111465,Apoptotic cleavage of cellular proteins
ENSG00000196954,R-HSA-111469,"SMAC, XIAP-regulated apoptotic response"
ENSG00000132906,R-HSA-111469,"SMAC, XIAP-regulated apoptotic response"
ENSG00000164305,R-HSA-111469,"SMAC, XIAP-regulated apoptotic response"
ENSG00000137757,R-HSA-111469,"SMAC, XIAP-regulated apoptotic response"
ENSG00000138794,R-HSA-111469,"SMAC, XIAP-regulated apoptotic response"
ENSG00000165806,R-HSA-111469,"SMAC, XIAP-regulated apoptotic response"
ENSG00000064012,R-HSA-111469,"SMAC, XIAP-regulated apoptotic response"
ENSG00000137752,R-HSA-111469,"SMAC, XIAP-regulated apoptotic response"
ENSG00000106144,R-HSA-111469,"SMAC, XIAP-regulated apoptotic response"
ENSG00000003400,R-HSA-111469,"SMAC, XIAP-regulated apoptotic response"
ENSG00000105141,R-HSA-111469,"SMAC, XIAP-regulated apoptotic response"
ENSG00000204403,R-HSA-111469,"SMAC, XIAP-regulated apoptotic response"
ENSG00000291983,R-HSA-111469,"SMAC, XIAP-regulated apoptotic response"
ENSG00000196954,R-HSA-140342,Apoptosis induced DNA fragmentation
ENSG00000132906,R-HSA-140342,Apoptosis induced DNA fragmentation
ENSG00000164305,R-HSA-140342,Apoptosis induced DNA fragmentation
ENSG00000137757,R-HSA-140342,Apoptosis induced DNA fragmentation
ENSG00000138794,R-HSA-140342,Apoptosis induced DNA fragmentation
ENSG00000165806,R-HSA-140342,Apoptosis induced DNA fragmentation
ENSG00000064012,R-HSA-140342,Apoptosis induced DNA fragmentation
ENSG00000137752,R-HSA-140342,Apoptosis induced DNA fragmentation
ENSG00000106144,R-HSA-140342,Apoptosis induced DNA fragmentation
ENSG00000003400,R-HSA-140342,Apoptosis induced DNA fragmentation
ENSG00000105141,R-HSA-140342,Apoptosis induced DNA fragmentation
ENSG00000204403,R-HSA-140342,Apoptosis induced DNA fragmentation
ENSG00000291983,R-HSA-140342,Apoptosis induced DNA fragmentation
ENSG00000196954,R-HSA-1474228,Degradation of the extracellular matrix
ENSG00000132906,R-HSA-1474228,Degradation of the extracellular matrix
ENSG00000164305,R-HSA-1474228,Degradation of the extracellular matrix
ENSG00000137757,R-HSA-1474228,Degradation of the extracellular matrix
ENSG00000138794,R-HSA-1474228,Degradation of the extracellular matrix
ENSG00000165806,R-HSA-1474228,Degradation of the extracellular matrix
ENSG00000064012,R-HSA-1474228,Degradation of the extracellular matrix
ENSG00000137752,R-HSA-1474228,Degradation of the extracellular matrix
ENSG00000106144,R-HSA-1474228,Degradation of the extracellular matrix
ENSG00000003400,R-HSA-1474228,Degradation of the extracellular matrix
ENSG00000105141,R-HSA-1474228,Degradation of the extracellular matrix
ENSG00000204403,R-HSA-1474228,Degradation of the extracellular matrix
ENSG00000291983,R-HSA-1474228,Degradation of the extracellular matrix
ENSG00000196954,R-HSA-2028269,Signaling by Hippo
ENSG00000132906,R-HSA-2028269,Signaling by Hippo
ENSG00000164305,R-HSA-2028269,Signaling by Hippo
ENSG00000137757,R-HSA-2028269,Signaling by Hippo
ENSG00000138794,R-HSA-2028269,Signaling by Hippo
ENSG00000165806,R-HSA-2028269,Signaling by Hippo
ENSG00000064012,R-HSA-2028269,Signaling by Hippo
ENSG00000137752,R-HSA-2028269,Signaling by Hippo
ENSG00000106144,R-HSA-2028269,Signaling by Hippo
ENSG00000003400,R-HSA-2028269,Signaling by Hippo
ENSG00000105141,R-HSA-2028269,Signaling by Hippo
ENSG00000204403,R-HSA-2028269,Signaling by Hippo
ENSG00000291983,R-HSA-2028269,Signaling by Hippo
ENSG00000196954,R-HSA-205025,NADE modulates death signalling
ENSG00000132906,R-HSA-205025,NADE modulates death signalling
ENSG00000164305,R-HSA-205025,NADE modulates death signalling
ENSG00000137757,R-HSA-205025,NADE modulates death signalling
ENSG00000138794,R-HSA-205025,NADE modulates death signalling
ENSG00000165806,R-HSA-205025,NADE modulates death signalling
ENSG00000064012,R-HSA-205025,NADE modulates death signalling
ENSG00000137752,R-HSA-205025,NADE modulates death signalling
ENSG00000106144,R-HSA-205025,NADE modulates death signalling
ENSG00000003400,R-HSA-205025,NADE modulates death signalling
ENSG00000105141,R-HSA-205025,NADE modulates death signalling
ENSG00000204403,R-HSA-205025,NADE modulates death signalling
ENSG00000291983,R-HSA-205025,NADE modulates death signalling
ENSG00000196954,R-HSA-211736,Stimulation of the cell death response by PAK-2p34
ENSG00000132906,R-HSA-211736,Stimulation of the cell death response by PAK-2p34
ENSG00000164305,R-HSA-211736,Stimulation of the cell death response by PAK-2p34
ENSG00000137757,R-HSA-211736,Stimulation of the cell death response by PAK-2p34
ENSG00000138794,R-HSA-211736,Stimulation of the cell death response by PAK-2p34
ENSG00000165806,R-HSA-211736,Stimulation of the cell death response by PAK-2p34
ENSG00000064012,R-HSA-211736,Stimulation of the cell death response by PAK-2p34
ENSG00000137752,R-HSA-211736,Stimulation of the cell death response by PAK-2p34
ENSG00000106144,R-HSA-211736,Stimulation of the cell death response by PAK-2p34
ENSG00000003400,R-HSA-211736,Stimulation of the cell death response by PAK-2p34
ENSG00000105141,R-HSA-211736,Stimulation of the cell death response by PAK-2p34
ENSG00000204403,R-HSA-211736,Stimulation of the cell death response by PAK-2p34
ENSG00000291983,R-HSA-211736,Stimulation of the cell death response by PAK-2p34
ENSG00000196954,R-HSA-264870,Caspase-mediated cleavage of cytoskeletal proteins
ENSG00000132906,R-HSA-264870,Caspase-mediated cleavage of cytoskeletal proteins
ENSG00000164305,R-HSA-264870,Caspase-mediated cleavage of cytoskeletal proteins
ENSG00000137757,R-HSA-264870,Caspase-mediated cleavage of cytoskeletal proteins
ENSG00000138794,R-HSA-264870,Caspase-mediated cleavage of cytoskeletal proteins
ENSG00000165806,R-HSA-264870,Caspase-mediated cleavage of cytoskeletal proteins
ENSG00000064012,R-HSA-264870,Caspase-mediated cleavage of cytoskeletal proteins
ENSG00000137752,R-HSA-264870,Caspase-mediated cleavage of cytoskeletal proteins
ENSG00000106144,R-HSA-264870,Caspase-mediated cleavage of cytoskeletal proteins
ENSG00000003400,R-HSA-264870,Caspase-mediated cleavage of cytoskeletal proteins
ENSG00000105141,R-HSA-264870,Caspase-mediated cleavage of cytoskeletal proteins
ENSG00000204403,R-HSA-264870,Caspase-mediated cleavage of cytoskeletal proteins
ENSG00000291983,R-HSA-264870,Caspase-mediated cleavage of cytoskeletal proteins
ENSG00000196954,R-HSA-351906,Apoptotic cleavage of cell adhesion  proteins
ENSG00000132906,R-HSA-351906,Apoptotic cleavage of cell adhesion  proteins
ENSG00000164305,R-HSA-351906,Apoptotic cleavage of cell adhesion  proteins
ENSG00000137757,R-HSA-351906,Apoptotic cleavage of cell adhesion  proteins
ENSG00000138794,R-HSA-351906,Apoptotic cleavage of cell adhesion  proteins
ENSG00000165806,R-HSA-351906,Apoptotic cleavage of cell adhesion  proteins
ENSG00000064012,R-HSA-351906,Apoptotic cleavage of cell adhesion  proteins
ENSG00000137752,R-HSA-351906,Apoptotic cleavage of cell adhesion  proteins
ENSG00000106144,R-HSA-351906,Apoptotic cleavage of cell adhesion  proteins
ENSG00000003400,R-HSA-351906,Apoptotic cleavage of cell adhesion  proteins
ENSG00000105141,R-HSA-351906,Apoptotic cleavage of cell adhesion  proteins
ENSG00000204403,R-HSA-351906,Apoptotic cleavage of cell adhesion  proteins
ENSG00000291983,R-HSA-351906,Apoptotic cleavage of cell adhesion  proteins
ENSG00000196954,R-HSA-449836,Other interleukin signaling
ENSG00000132906,R-HSA-449836,Other interleukin signaling
ENSG00000164305,R-HSA-449836,Other interleukin signaling
ENSG00000137757,R-HSA-449836,Other interleukin signaling
ENSG00000138794,R-HSA-449836,Other interleukin signaling
ENSG00000165806,R-HSA-449836,Other interleukin signaling
ENSG00000064012,R-HSA-449836,Other interleukin signaling
ENSG00000137752,R-HSA-449836,Other interleukin signaling
ENSG00000106144,R-HSA-449836,Other interleukin signaling
ENSG00000003400,R-HSA-449836,Other interleukin signaling
ENSG00000105141,R-HSA-449836,Other interleukin signaling
ENSG00000204403,R-HSA-449836,Other interleukin signaling
ENSG00000291983,R-HSA-449836,Other interleukin signaling
ENSG00000196954,R-HSA-9960525,CASP5-mediated substrate cleavage
ENSG00000132906,R-HSA-9960525,CASP5-mediated substrate cleavage
ENSG00000164305,R-HSA-9960525,CASP5-mediated substrate cleavage
ENSG00000137757,R-HSA-9960525,CASP5-mediated substrate cleavage
ENSG00000138794,R-HSA-9960525,CASP5-mediated substrate cleavage
ENSG00000165806,R-HSA-9960525,CASP5-mediated substrate cleavage
ENSG00000064012,R-HSA-9960525,CASP5-mediated substrate cleavage
ENSG00000137752,R-HSA-9960525,CASP5-mediated substrate cleavage
ENSG00000106144,R-HSA-9960525,CASP5-mediated substrate cleavage
ENSG00000003400,R-HSA-9960525,CASP5-mediated substrate cleavage
ENSG00000105141,R-HSA-9960525,CASP5-mediated substrate cleavage
ENSG00000204403,R-HSA-9960525,CASP5-mediated substrate cleavage
ENSG00000291983,R-HSA-9960525,CASP5-mediated substrate cleavage
ENSG00000196954,R-HSA-9948011,CASP5 inflammasome assembly
ENSG00000132906,R-HSA-9948011,CASP5 inflammasome assembly
ENSG00000164305,R-HSA-9948011,CASP5 inflammasome assembly
ENSG00000137757,R-HSA-9948011,CASP5 inflammasome assembly
ENSG00000138794,R-HSA-9948011,CASP5 inflammasome assembly
ENSG00000165806,R-HSA-9948011,CASP5 inflammasome assembly
ENSG00000064012,R-HSA-9948011,CASP5 inflammasome assembly
ENSG00000137752,R-HSA-9948011,CASP5 inflammasome assembly
ENSG00000106144,R-HSA-9948011,CASP5 inflammasome assembly
ENSG00000003400,R-HSA-9948011,CASP5 inflammasome assembly
ENSG00000105141,R-HSA-9948011,CASP5 inflammasome assembly
ENSG00000204403,R-HSA-9948011,CASP5 inflammasome assembly
ENSG00000291983,R-HSA-9948011,CASP5 inflammasome assembly
ENSG00000196954,R-HSA-352238,Breakdown of the nuclear lamina
ENSG00000132906,R-HSA-352238,Breakdown of the nuclear lamina
ENSG00000164305,R-HSA-352238,Breakdown of the nuclear lamina
ENSG00000137757,R-HSA-352238,Breakdown of the nuclear lamina
ENSG00000138794,R-HSA-352238,Breakdown of the nuclear lamina
ENSG00000165806,R-HSA-352238,Breakdown of the nuclear lamina
ENSG00000064012,R-HSA-352238,Breakdown of the nuclear lamina
ENSG00000137752,R-HSA-352238,Breakdown of the nuclear lamina
ENSG00000106144,R-HSA-352238,Breakdown of the nuclear lamina
ENSG00000003400,R-HSA-352238,Breakdown of the nuclear lamina
ENSG00000105141,R-HSA-352238,Breakdown of the nuclear lamina
ENSG00000204403,R-HSA-352238,Breakdown of the nuclear lamina
ENSG00000291983,R-HSA-352238,Breakdown of the nuclear lamina
ENSG00000196954,R-HSA-6803207,TP53 Regulates Transcription of Caspase Activators and Caspases
ENSG00000132906,R-HSA-6803207,TP53 Regulates Transcription of Caspase Activators and Caspases
ENSG00000164305,R-HSA-6803207,TP53 Regulates Transcription of Caspase Activators and Caspases
ENSG00000137757,R-HSA-6803207,TP53 Regulates Transcription of Caspase Activators and Caspases
ENSG00000138794,R-HSA-6803207,TP53 Regulates Transcription of Caspase Activators and Caspases
ENSG00000165806,R-HSA-6803207,TP53 Regulates Transcription of Caspase Activators and Caspases
ENSG00000064012,R-HSA-6803207,TP53 Regulates Transcription of Caspase Activators and Caspases
ENSG00000137752,R-HSA-6803207,TP53 Regulates Transcription of Caspase Activators and Caspases
ENSG00000106144,R-HSA-6803207,TP53 Regulates Transcription of Caspase Activators and Caspases
ENSG00000003400,R-HSA-6803207,TP53 Regulates Transcription of Caspase Activators and Caspases
ENSG00000105141,R-HSA-6803207,TP53 Regulates Transcription of Caspase Activators and Caspases
ENSG00000204403,R-HSA-6803207,TP53 Regulates Transcription of Caspase Activators and Caspases
ENSG00000291983,R-HSA-6803207,TP53 Regulates Transcription of Caspase Activators and Caspases
ENSG00000196954,R-HSA-140534,Caspase activation via Death Receptors in the presence of ligand
ENSG00000132906,R-HSA-140534,Caspase activation via Death Receptors in the presence of ligand
ENSG00000164305,R-HSA-140534,Caspase activation via Death Receptors in the presence of ligand
ENSG00000137757,R-HSA-140534,Caspase activation via Death Receptors in the presence of ligand
ENSG00000138794,R-HSA-140534,Caspase activation via Death Receptors in the presence of ligand
ENSG00000165806,R-HSA-140534,Caspase activation via Death Receptors in the presence of ligand
ENSG00000064012,R-HSA-140534,Caspase activation via Death Receptors in the presence of ligand
ENSG00000137752,R-HSA-140534,Caspase activation via Death Receptors in the presence of ligand
ENSG00000106144,R-HSA-140534,Caspase activation via Death Receptors in the presence of ligand
ENSG00000003400,R-HSA-140534,Caspase activation via Death Receptors in the presence of ligand
ENSG00000105141,R-HSA-140534,Caspase activation via Death Receptors in the presence of ligand
ENSG00000204403,R-HSA-140534,Caspase activation via Death Receptors in the presence of ligand
ENSG00000291983,R-HSA-140534,Caspase activation via Death Receptors in the presence of ligand
ENSG00000196954,R-HSA-2562578,TRIF-mediated programmed cell death
ENSG00000132906,R-HSA-2562578,TRIF-mediated programmed cell death
ENSG00000164305,R-HSA-2562578,TRIF-mediated programmed cell death
ENSG00000137757,R-HSA-2562578,TRIF-mediated programmed cell death
ENSG00000138794,R-HSA-2562578,TRIF-mediated programmed cell death
ENSG00000165806,R-HSA-2562578,TRIF-mediated programmed cell death
ENSG00000064012,R-HSA-2562578,TRIF-mediated programmed cell death
ENSG00000137752,R-HSA-2562578,TRIF-mediated programmed cell death
ENSG00000106144,R-HSA-2562578,TRIF-mediated programmed cell death
ENSG00000003400,R-HSA-2562578,TRIF-mediated programmed cell death
ENSG00000105141,R-HSA-2562578,TRIF-mediated programmed cell death
ENSG00000204403,R-HSA-2562578,TRIF-mediated programmed cell death
ENSG00000291983,R-HSA-2562578,TRIF-mediated programmed cell death
ENSG00000196954,R-HSA-3371378,Regulation by c-FLIP
ENSG00000132906,R-HSA-3371378,Regulation by c-FLIP
ENSG00000164305,R-HSA-3371378,Regulation by c-FLIP
ENSG00000137757,R-HSA-3371378,Regulation by c-FLIP
ENSG00000138794,R-HSA-3371378,Regulation by c-FLIP
ENSG00000165806,R-HSA-3371378,Regulation by c-FLIP
ENSG00000064012,R-HSA-3371378,Regulation by c-FLIP
ENSG00000137752,R-HSA-3371378,Regulation by c-FLIP
ENSG00000106144,R-HSA-3371378,Regulation by c-FLIP
ENSG00000003400,R-HSA-3371378,Regulation by c-FLIP
ENSG00000105141,R-HSA-3371378,Regulation by c-FLIP
ENSG00000204403,R-HSA-3371378,Regulation by c-FLIP
ENSG00000291983,R-HSA-3371378,Regulation by c-FLIP
ENSG00000196954,R-HSA-5213460,RIPK1-mediated regulated necrosis
ENSG00000132906,R-HSA-5213460,RIPK1-mediated regulated necrosis
ENSG00000164305,R-HSA-5213460,RIPK1-mediated regulated necrosis
ENSG00000137757,R-HSA-5213460,RIPK1-mediated regulated necrosis
ENSG00000138794,R-HSA-5213460,RIPK1-mediated regulated necrosis
ENSG00000165806,R-HSA-5213460,RIPK1-mediated regulated necrosis
ENSG00000064012,R-HSA-5213460,RIPK1-mediated regulated necrosis
ENSG00000137752,R-HSA-5213460,RIPK1-mediated regulated necrosis
ENSG00000106144,R-HSA-5213460,RIPK1-mediated regulated necrosis
ENSG00000003400,R-HSA-5213460,RIPK1-mediated regulated necrosis
ENSG00000105141,R-HSA-5213460,RIPK1-mediated regulated necrosis
ENSG00000204403,R-HSA-5213460,RIPK1-mediated regulated necrosis
ENSG00000291983,R-HSA-5213460,RIPK1-mediated regulated necrosis
ENSG00000196954,R-HSA-5218900,CASP8 activity is inhibited
ENSG00000132906,R-HSA-5218900,CASP8 activity is inhibited
ENSG00000164305,R-HSA-5218900,CASP8 activity is inhibited
ENSG00000137757,R-HSA-5218900,CASP8 activity is inhibited
ENSG00000138794,R-HSA-5218900,CASP8 activity is inhibited
ENSG00000165806,R-HSA-5218900,CASP8 activity is inhibited
ENSG00000064012,R-HSA-5218900,CASP8 activity is inhibited
ENSG00000137752,R-HSA-5218900,CASP8 activity is inhibited
ENSG00000106144,R-HSA-5218900,CASP8 activity is inhibited
ENSG00000003400,R-HSA-5218900,CASP8 activity is inhibited
ENSG00000105141,R-HSA-5218900,CASP8 activity is inhibited
ENSG00000204403,R-HSA-5218900,CASP8 activity is inhibited
ENSG00000291983,R-HSA-5218900,CASP8 activity is inhibited
ENSG00000196954,R-HSA-5357786,TNFR1-induced proapoptotic signaling
ENSG00000132906,R-HSA-5357786,TNFR1-induced proapoptotic signaling
ENSG00000164305,R-HSA-5357786,TNFR1-induced proapoptotic signaling
ENSG00000137757,R-HSA-5357786,TNFR1-induced proapoptotic signaling
ENSG00000138794,R-HSA-5357786,TNFR1-induced proapoptotic signaling
ENSG00000165806,R-HSA-5357786,TNFR1-induced proapoptotic signaling
ENSG00000064012,R-HSA-5357786,TNFR1-induced proapoptotic signaling
ENSG00000137752,R-HSA-5357786,TNFR1-induced proapoptotic signaling
ENSG00000106144,R-HSA-5357786,TNFR1-induced proapoptotic signaling
ENSG00000003400,R-HSA-5357786,TNFR1-induced proapoptotic signaling
ENSG00000105141,R-HSA-5357786,TNFR1-induced proapoptotic signaling
ENSG00000204403,R-HSA-5357786,TNFR1-induced proapoptotic signaling
ENSG00000291983,R-HSA-5357786,TNFR1-induced proapoptotic signaling
ENSG00000196954,R-HSA-5357905,Regulation of TNFR1 signaling
ENSG00000132906,R-HSA-5357905,Regulation of TNFR1 signaling
ENSG00000164305,R-HSA-5357905,Regulation of TNFR1 signaling
ENSG00000137757,R-HSA-5357905,Regulation of TNFR1 signaling
ENSG00000138794,R-HSA-5357905,Regulation of TNFR1 signaling
ENSG00000165806,R-HSA-5357905,Regulation of TNFR1 signaling
ENSG00000064012,R-HSA-5357905,Regulation of TNFR1 signaling
ENSG00000137752,R-HSA-5357905,Regulation of TNFR1 signaling
ENSG00000106144,R-HSA-5357905,Regulation of TNFR1 signaling
ENSG00000003400,R-HSA-5357905,Regulation of TNFR1 signaling
ENSG00000105141,R-HSA-5357905,Regulation of TNFR1 signaling
ENSG00000204403,R-HSA-5357905,Regulation of TNFR1 signaling
ENSG00000291983,R-HSA-5357905,Regulation of TNFR1 signaling
ENSG00000196954,R-HSA-5660668,CLEC7A/inflammasome pathway
ENSG00000132906,R-HSA-5660668,CLEC7A/inflammasome pathway
ENSG00000164305,R-HSA-5660668,CLEC7A/inflammasome pathway
ENSG00000137757,R-HSA-5660668,CLEC7A/inflammasome pathway
ENSG00000138794,R-HSA-5660668,CLEC7A/inflammasome pathway
ENSG00000165806,R-HSA-5660668,CLEC7A/inflammasome pathway
ENSG00000064012,R-HSA-5660668,CLEC7A/inflammasome pathway
ENSG00000137752,R-HSA-5660668,CLEC7A/inflammasome pathway
ENSG00000106144,R-HSA-5660668,CLEC7A/inflammasome pathway
ENSG00000003400,R-HSA-5660668,CLEC7A/inflammasome pathway
ENSG00000105141,R-HSA-5660668,CLEC7A/inflammasome pathway
ENSG00000204403,R-HSA-5660668,CLEC7A/inflammasome pathway
ENSG00000291983,R-HSA-5660668,CLEC7A/inflammasome pathway
ENSG00000196954,R-HSA-5675482,Regulation of necroptotic cell death
ENSG00000132906,R-HSA-5675482,Regulation of necroptotic cell death
ENSG00000164305,R-HSA-5675482,Regulation of necroptotic cell death
ENSG00000137757,R-HSA-5675482,Regulation of necroptotic cell death
ENSG00000138794,R-HSA-5675482,Regulation of necroptotic cell death
ENSG00000165806,R-HSA-5675482,Regulation of necroptotic cell death
ENSG00000064012,R-HSA-5675482,Regulation of necroptotic cell death
ENSG00000137752,R-HSA-5675482,Regulation of necroptotic cell death
ENSG00000106144,R-HSA-5675482,Regulation of necroptotic cell death
ENSG00000003400,R-HSA-5675482,Regulation of necroptotic cell death
ENSG00000105141,R-HSA-5675482,Regulation of necroptotic cell death
ENSG00000204403,R-HSA-5675482,Regulation of necroptotic cell death
ENSG00000291983,R-HSA-5675482,Regulation of necroptotic cell death
ENSG00000196954,R-HSA-69416,Dimerization of procaspase-8
ENSG00000132906,R-HSA-69416,Dimerization of procaspase-8
ENSG00000164305,R-HSA-69416,Dimerization of procaspase-8
ENSG00000137757,R-HSA-69416,Dimerization of procaspase-8
ENSG00000138794,R-HSA-69416,Dimerization of procaspase-8
ENSG00000165806,R-HSA-69416,Dimerization of procaspase-8
ENSG00000064012,R-HSA-69416,Dimerization of procaspase-8
ENSG00000137752,R-HSA-69416,Dimerization of procaspase-8
ENSG00000106144,R-HSA-69416,Dimerization of procaspase-8
ENSG00000003400,R-HSA-69416,Dimerization of procaspase-8
ENSG00000105141,R-HSA-69416,Dimerization of procaspase-8
ENSG00000204403,R-HSA-69416,Dimerization of procaspase-8
ENSG00000291983,R-HSA-69416,Dimerization of procaspase-8
ENSG00000196954,R-HSA-75108,"Activation, myristolyation of BID and translocation to mitochondria"
ENSG00000132906,R-HSA-75108,"Activation, myristolyation of BID and translocation to mitochondria"
ENSG00000164305,R-HSA-75108,"Activation, myristolyation of BID and translocation to mitochondria"
ENSG00000137757,R-HSA-75108,"Activation, myristolyation of BID and translocation to mitochondria"
ENSG00000138794,R-HSA-75108,"Activation, myristolyation of BID and translocation to mitochondria"
ENSG00000165806,R-HSA-75108,"Activation, myristolyation of BID and translocation to mitochondria"
ENSG00000064012,R-HSA-75108,"Activation, myristolyation of BID and translocation to mitochondria"
ENSG00000137752,R-HSA-75108,"Activation, myristolyation of BID and translocation to mitochondria"
ENSG00000106144,R-HSA-75108,"Activation, myristolyation of BID and translocation to mitochondria"
ENSG00000003400,R-HSA-75108,"Activation, myristolyation of BID and translocation to mitochondria"
ENSG00000105141,R-HSA-75108,"Activation, myristolyation of BID and translocation to mitochondria"
ENSG00000204403,R-HSA-75108,"Activation, myristolyation of BID and translocation to mitochondria"
ENSG00000291983,R-HSA-75108,"Activation, myristolyation of BID and translocation to mitochondria"
ENSG00000196954,R-HSA-75153,Apoptotic execution phase
ENSG00000132906,R-HSA-75153,Apoptotic execution phase
ENSG00000164305,R-HSA-75153,Apoptotic execution phase
ENSG00000137757,R-HSA-75153,Apoptotic execution phase
ENSG00000138794,R-HSA-75153,Apoptotic execution phase
ENSG00000165806,R-HSA-75153,Apoptotic execution phase
ENSG00000064012,R-HSA-75153,Apoptotic execution phase
ENSG00000137752,R-HSA-75153,Apoptotic execution phase
ENSG00000106144,R-HSA-75153,Apoptotic execution phase
ENSG00000003400,R-HSA-75153,Apoptotic execution phase
ENSG00000105141,R-HSA-75153,Apoptotic execution phase
ENSG00000204403,R-HSA-75153,Apoptotic execution phase
ENSG00000291983,R-HSA-75153,Apoptotic execution phase
ENSG00000196954,R-HSA-75157,FasL/ CD95L signaling
ENSG00000132906,R-HSA-75157,FasL/ CD95L signaling
ENSG00000164305,R-HSA-75157,FasL/ CD95L signaling
ENSG00000137757,R-HSA-75157,FasL/ CD95L signaling
ENSG00000138794,R-HSA-75157,FasL/ CD95L signaling
ENSG00000165806,R-HSA-75157,FasL/ CD95L signaling
ENSG00000064012,R-HSA-75157,FasL/ CD95L signaling
ENSG00000137752,R-HSA-75157,FasL/ CD95L signaling
ENSG00000106144,R-HSA-75157,FasL/ CD95L signaling
ENSG00000003400,R-HSA-75157,FasL/ CD95L signaling
ENSG00000105141,R-HSA-75157,FasL/ CD95L signaling
ENSG00000204403,R-HSA-75157,FasL/ CD95L signaling
ENSG00000291983,R-HSA-75157,FasL/ CD95L signaling
ENSG00000196954,R-HSA-75158,TRAIL  signaling
ENSG00000132906,R-HSA-75158,TRAIL  signaling
ENSG00000164305,R-HSA-75158,TRAIL  signaling
ENSG00000137757,R-HSA-75158,TRAIL  signaling
ENSG00000138794,R-HSA-75158,TRAIL  signaling
ENSG00000165806,R-HSA-75158,TRAIL  signaling
ENSG00000064012,R-HSA-75158,TRAIL  signaling
ENSG00000137752,R-HSA-75158,TRAIL  signaling
ENSG00000106144,R-HSA-75158,TRAIL  signaling
ENSG00000003400,R-HSA-75158,TRAIL  signaling
ENSG00000105141,R-HSA-75158,TRAIL  signaling
ENSG00000204403,R-HSA-75158,TRAIL  signaling
ENSG00000291983,R-HSA-75158,TRAIL  signaling
ENSG00000196954,R-HSA-9013957,TLR3-mediated TICAM1-dependent programmed cell death
ENSG00000132906,R-HSA-9013957,TLR3-mediated TICAM1-dependent programmed cell death
ENSG00000164305,R-HSA-9013957,TLR3-mediated TICAM1-dependent programmed cell death
ENSG00000137757,R-HSA-9013957,TLR3-mediated TICAM1-dependent programmed cell death
ENSG00000138794,R-HSA-9013957,TLR3-mediated TICAM1-dependent programmed cell death
ENSG00000165806,R-HSA-9013957,TLR3-mediated TICAM1-dependent programmed cell death
ENSG00000064012,R-HSA-9013957,TLR3-mediated TICAM1-dependent programmed cell death
ENSG00000137752,R-HSA-9013957,TLR3-mediated TICAM1-dependent programmed cell death
ENSG00000106144,R-HSA-9013957,TLR3-mediated TICAM1-dependent programmed cell death
ENSG00000003400,R-HSA-9013957,TLR3-mediated TICAM1-dependent programmed cell death
ENSG00000105141,R-HSA-9013957,TLR3-mediated TICAM1-dependent programmed cell death
ENSG00000204403,R-HSA-9013957,TLR3-mediated TICAM1-dependent programmed cell death
ENSG00000291983,R-HSA-9013957,TLR3-mediated TICAM1-dependent programmed cell death
ENSG00000196954,R-HSA-933543,NF-kB activation through FADD/RIP-1 pathway mediated by caspase-8 and -10
ENSG00000132906,R-HSA-933543,NF-kB activation through FADD/RIP-1 pathway mediated by caspase-8 and -10
ENSG00000164305,R-HSA-933543,NF-kB activation through FADD/RIP-1 pathway mediated by caspase-8 and -10
ENSG00000137757,R-HSA-933543,NF-kB activation through FADD/RIP-1 pathway mediated by caspase-8 and -10
ENSG00000138794,R-HSA-933543,NF-kB activation through FADD/RIP-1 pathway mediated by caspase-8 and -10
ENSG00000165806,R-HSA-933543,NF-kB activation through FADD/RIP-1 pathway mediated by caspase-8 and -10
ENSG00000064012,R-HSA-933543,NF-kB activation through FADD/RIP-1 pathway mediated by caspase-8 and -10
ENSG00000137752,R-HSA-933543,NF-kB activation through FADD/RIP-1 pathway mediated by caspase-8 and -10
ENSG00000106144,R-HSA-933543,NF-kB activation through FADD/RIP-1 pathway mediated by caspase-8 and -10
ENSG00000003400,R-HSA-933543,NF-kB activation through FADD/RIP-1 pathway mediated by caspase-8 and -10
ENSG00000105141,R-HSA-933543,NF-kB activation through FADD/RIP-1 pathway mediated by caspase-8 and -10
ENSG00000204403,R-HSA-933543,NF-kB activation through FADD/RIP-1 pathway mediated by caspase-8 and -10
ENSG00000291983,R-HSA-933543,NF-kB activation through FADD/RIP-1 pathway mediated by caspase-8 and -10
ENSG00000196954,R-HSA-9686347,Microbial modulation of RIPK1-mediated regulated necrosis
ENSG00000132906,R-HSA-9686347,Microbial modulation of RIPK1-mediated regulated necrosis
ENSG00000164305,R-HSA-9686347,Microbial modulation of RIPK1-mediated regulated necrosis
ENSG00000137757,R-HSA-9686347,Microbial modulation of RIPK1-mediated regulated necrosis
ENSG00000138794,R-HSA-9686347,Microbial modulation of RIPK1-mediated regulated necrosis
ENSG00000165806,R-HSA-9686347,Microbial modulation of RIPK1-mediated regulated necrosis
ENSG00000064012,R-HSA-9686347,Microbial modulation of RIPK1-mediated regulated necrosis
ENSG00000137752,R-HSA-9686347,Microbial modulation of RIPK1-mediated regulated necrosis
ENSG00000106144,R-HSA-9686347,Microbial modulation of RIPK1-mediated regulated necrosis
ENSG00000003400,R-HSA-9686347,Microbial modulation of RIPK1-mediated regulated necrosis
ENSG00000105141,R-HSA-9686347,Microbial modulation of RIPK1-mediated regulated necrosis
ENSG00000204403,R-HSA-9686347,Microbial modulation of RIPK1-mediated regulated necrosis
ENSG00000291983,R-HSA-9686347,Microbial modulation of RIPK1-mediated regulated necrosis
ENSG00000196954,R-HSA-9693928,Defective RIPK1-mediated regulated necrosis
ENSG00000132906,R-HSA-9693928,Defective RIPK1-mediated regulated necrosis
ENSG00000164305,R-HSA-9693928,Defective RIPK1-mediated regulated necrosis
ENSG00000137757,R-HSA-9693928,Defective RIPK1-mediated regulated necrosis
ENSG00000138794,R-HSA-9693928,Defective RIPK1-mediated regulated necrosis
ENSG00000165806,R-HSA-9693928,Defective RIPK1-mediated regulated necrosis
ENSG00000064012,R-HSA-9693928,Defective RIPK1-mediated regulated necrosis
ENSG00000137752,R-HSA-9693928,Defective RIPK1-mediated regulated necrosis
ENSG00000106144,R-HSA-9693928,Defective RIPK1-mediated regulated necrosis
ENSG00000003400,R-HSA-9693928,Defective RIPK1-mediated regulated necrosis
ENSG00000105141,R-HSA-9693928,Defective RIPK1-mediated regulated necrosis
ENSG00000204403,R-HSA-9693928,Defective RIPK1-mediated regulated necrosis
ENSG00000291983,R-HSA-9693928,Defective RIPK1-mediated regulated necrosis
ENSG00000196954,R-HSA-9758274,Regulation of NF-kappa B signaling
ENSG00000132906,R-HSA-9758274,Regulation of NF-kappa B signaling
ENSG00000164305,R-HSA-9758274,Regulation of NF-kappa B signaling
ENSG00000137757,R-HSA-9758274,Regulation of NF-kappa B signaling
ENSG00000138794,R-HSA-9758274,Regulation of NF-kappa B signaling
ENSG00000165806,R-HSA-9758274,Regulation of NF-kappa B signaling
ENSG00000064012,R-HSA-9758274,Regulation of NF-kappa B signaling
ENSG00000137752,R-HSA-9758274,Regulation of NF-kappa B signaling
ENSG00000106144,R-HSA-9758274,Regulation of NF-kappa B signaling
ENSG00000003400,R-HSA-9758274,Regulation of NF-kappa B signaling
ENSG00000105141,R-HSA-9758274,Regulation of NF-kappa B signaling
ENSG00000204403,R-HSA-9758274,Regulation of NF-kappa B signaling
ENSG00000291983,R-HSA-9758274,Regulation of NF-kappa B signaling
ENSG00000196954,R-HSA-448706,Interleukin-1 processing
ENSG00000132906,R-HSA-448706,Interleukin-1 processing
ENSG00000164305,R-HSA-448706,Interleukin-1 processing
ENSG00000137757,R-HSA-448706,Interleukin-1 processing
ENSG00000138794,R-HSA-448706,Interleukin-1 processing
ENSG00000165806,R-HSA-448706,Interleukin-1 processing
ENSG00000064012,R-HSA-448706,Interleukin-1 processing
ENSG00000137752,R-HSA-448706,Interleukin-1 processing
ENSG00000106144,R-HSA-448706,Interleukin-1 processing
ENSG00000003400,R-HSA-448706,Interleukin-1 processing
ENSG00000105141,R-HSA-448706,Interleukin-1 processing
ENSG00000204403,R-HSA-448706,Interleukin-1 processing
ENSG00000291983,R-HSA-448706,Interleukin-1 processing
ENSG00000196954,R-HSA-844456,The NLRP3 inflammasome
ENSG00000132906,R-HSA-844456,The NLRP3 inflammasome
ENSG00000164305,R-HSA-844456,The NLRP3 inflammasome
ENSG00000137757,R-HSA-844456,The NLRP3 inflammasome
ENSG00000138794,R-HSA-844456,The NLRP3 inflammasome
ENSG00000165806,R-HSA-844456,The NLRP3 inflammasome
ENSG00000064012,R-HSA-844456,The NLRP3 inflammasome
ENSG00000137752,R-HSA-844456,The NLRP3 inflammasome
ENSG00000106144,R-HSA-844456,The NLRP3 inflammasome
ENSG00000003400,R-HSA-844456,The NLRP3 inflammasome
ENSG00000105141,R-HSA-844456,The NLRP3 inflammasome
ENSG00000204403,R-HSA-844456,The NLRP3 inflammasome
ENSG00000291983,R-HSA-844456,The NLRP3 inflammasome
ENSG00000196954,R-HSA-844615,The AIM2 inflammasome
ENSG00000132906,R-HSA-844615,The AIM2 inflammasome
ENSG00000164305,R-HSA-844615,The AIM2 inflammasome
ENSG00000137757,R-HSA-844615,The AIM2 inflammasome
ENSG00000138794,R-HSA-844615,The AIM2 inflammasome
ENSG00000165806,R-HSA-844615,The AIM2 inflammasome
ENSG00000064012,R-HSA-844615,The AIM2 inflammasome
ENSG00000137752,R-HSA-844615,The AIM2 inflammasome
ENSG00000106144,R-HSA-844615,The AIM2 inflammasome
ENSG00000003400,R-HSA-844615,The AIM2 inflammasome
ENSG00000105141,R-HSA-844615,The AIM2 inflammasome
ENSG00000204403,R-HSA-844615,The AIM2 inflammasome
ENSG00000291983,R-HSA-844615,The AIM2 inflammasome
ENSG00000196954,R-HSA-844623,The IPAF inflammasome
ENSG00000132906,R-HSA-844623,The IPAF inflammasome
ENSG00000164305,R-HSA-844623,The IPAF inflammasome
ENSG00000137757,R-HSA-844623,The IPAF inflammasome
ENSG00000138794,R-HSA-844623,The IPAF inflammasome
ENSG00000165806,R-HSA-844623,The IPAF inflammasome
ENSG00000064012,R-HSA-844623,The IPAF inflammasome
ENSG00000137752,R-HSA-844623,The IPAF inflammasome
ENSG00000106144,R-HSA-844623,The IPAF inflammasome
ENSG00000003400,R-HSA-844623,The IPAF inflammasome
ENSG00000105141,R-HSA-844623,The IPAF inflammasome
ENSG00000204403,R-HSA-844623,The IPAF inflammasome
ENSG00000291983,R-HSA-844623,The IPAF inflammasome
ENSG00000196954,R-HSA-9008059,Interleukin-37 signaling
ENSG00000132906,R-HSA-9008059,Interleukin-37 signaling
ENSG00000164305,R-HSA-9008059,Interleukin-37 signaling
ENSG00000137757,R-HSA-9008059,Interleukin-37 signaling
ENSG00000138794,R-HSA-9008059,Interleukin-37 signaling
ENSG00000165806,R-HSA-9008059,Interleukin-37 signaling
ENSG00000064012,R-HSA-9008059,Interleukin-37 signaling
ENSG00000137752,R-HSA-9008059,Interleukin-37 signaling
ENSG00000106144,R-HSA-9008059,Interleukin-37 signaling
ENSG00000003400,R-HSA-9008059,Interleukin-37 signaling
ENSG00000105141,R-HSA-9008059,Interleukin-37 signaling
ENSG00000204403,R-HSA-9008059,Interleukin-37 signaling
ENSG00000291983,R-HSA-9008059,Interleukin-37 signaling
ENSG00000196954,R-HSA-9660826,Purinergic signaling in leishmaniasis infection
ENSG00000132906,R-HSA-9660826,Purinergic signaling in leishmaniasis infection
ENSG00000164305,R-HSA-9660826,Purinergic signaling in leishmaniasis infection
ENSG00000137757,R-HSA-9660826,Purinergic signaling in leishmaniasis infection
ENSG00000138794,R-HSA-9660826,Purinergic signaling in leishmaniasis infection
ENSG00000165806,R-HSA-9660826,Purinergic signaling in leishmaniasis infection
ENSG00000064012,R-HSA-9660826,Purinergic signaling in leishmaniasis infection
ENSG00000137752,R-HSA-9660826,Purinergic signaling in leishmaniasis infection
ENSG00000106144,R-HSA-9660826,Purinergic signaling in leishmaniasis infection
ENSG00000003400,R-HSA-9660826,Purinergic signaling in leishmaniasis infection
ENSG00000105141,R-HSA-9660826,Purinergic signaling in leishmaniasis infection
ENSG00000204403,R-HSA-9660826,Purinergic signaling in leishmaniasis infection
ENSG00000291983,R-HSA-9660826,Purinergic signaling in leishmaniasis infection
ENSG00000196954,R-HSA-9692916,SARS-CoV-1 activates/modulates innate immune responses
ENSG00000132906,R-HSA-9692916,SARS-CoV-1 activates/modulates innate immune responses
ENSG00000164305,R-HSA-9692916,SARS-CoV-1 activates/modulates innate immune responses
ENSG00000137757,R-HSA-9692916,SARS-CoV-1 activates/modulates innate immune responses
ENSG00000138794,R-HSA-9692916,SARS-CoV-1 activates/modulates innate immune responses
ENSG00000165806,R-HSA-9692916,SARS-CoV-1 activates/modulates innate immune responses
ENSG00000064012,R-HSA-9692916,SARS-CoV-1 activates/modulates innate immune responses
ENSG00000137752,R-HSA-9692916,SARS-CoV-1 activates/modulates innate immune responses
ENSG00000106144,R-HSA-9692916,SARS-CoV-1 activates/modulates innate immune responses
ENSG00000003400,R-HSA-9692916,SARS-CoV-1 activates/modulates innate immune responses
ENSG00000105141,R-HSA-9692916,SARS-CoV-1 activates/modulates innate immune responses
ENSG00000204403,R-HSA-9692916,SARS-CoV-1 activates/modulates innate immune responses
ENSG00000291983,R-HSA-9692916,SARS-CoV-1 activates/modulates innate immune responses
ENSG00000196954,R-HSA-9968551,Regulation of GBP-mediated host defense
ENSG00000132906,R-HSA-9968551,Regulation of GBP-mediated host defense
ENSG00000164305,R-HSA-9968551,Regulation of GBP-mediated host defense
ENSG00000137757,R-HSA-9968551,Regulation of GBP-mediated host defense
ENSG00000138794,R-HSA-9968551,Regulation of GBP-mediated host defense
ENSG00000165806,R-HSA-9968551,Regulation of GBP-mediated host defense
ENSG00000064012,R-HSA-9968551,Regulation of GBP-mediated host defense
ENSG00000137752,R-HSA-9968551,Regulation of GBP-mediated host defense
ENSG00000106144,R-HSA-9968551,Regulation of GBP-mediated host defense
ENSG00000003400,R-HSA-9968551,Regulation of GBP-mediated host defense
ENSG00000105141,R-HSA-9968551,Regulation of GBP-mediated host defense
ENSG00000204403,R-HSA-9968551,Regulation of GBP-mediated host defense
ENSG00000291983,R-HSA-9968551,Regulation of GBP-mediated host defense
ENSG00000196954,R-HSA-6809371,Formation of the cornified envelope
ENSG00000132906,R-HSA-6809371,Formation of the cornified envelope
ENSG00000164305,R-HSA-6809371,Formation of the cornified envelope
ENSG00000137757,R-HSA-6809371,Formation of the cornified envelope
ENSG00000138794,R-HSA-6809371,Formation of the cornified envelope
ENSG00000165806,R-HSA-6809371,Formation of the cornified envelope
ENSG00000064012,R-HSA-6809371,Formation of the cornified envelope
ENSG00000137752,R-HSA-6809371,Formation of the cornified envelope
ENSG00000106144,R-HSA-6809371,Formation of the cornified envelope
ENSG00000003400,R-HSA-6809371,Formation of the cornified envelope
ENSG00000105141,R-HSA-6809371,Formation of the cornified envelope
ENSG00000204403,R-HSA-6809371,Formation of the cornified envelope
ENSG00000291983,R-HSA-6809371,Formation of the cornified envelope
ENSG00000196954,R-HSA-9725554,Differentiation of Keratinocytes in Interfollicular Epidermis in Mammalian Skin
ENSG00000132906,R-HSA-9725554,Differentiation of Keratinocytes in Interfollicular Epidermis in Mammalian Skin
ENSG00000164305,R-HSA-9725554,Differentiation of Keratinocytes in Interfollicular Epidermis in Mammalian Skin
ENSG00000137757,R-HSA-9725554,Differentiation of Keratinocytes in Interfollicular Epidermis in Mammalian Skin
ENSG00000138794,R-HSA-9725554,Differentiation of Keratinocytes in Interfollicular Epidermis in Mammalian Skin
ENSG00000165806,R-HSA-9725554,Differentiation of Keratinocytes in Interfollicular Epidermis in Mammalian Skin
ENSG00000064012,R-HSA-9725554,Differentiation of Keratinocytes in Interfollicular Epidermis in Mammalian Skin
ENSG00000137752,R-HSA-9725554,Differentiation of Keratinocytes in Interfollicular Epidermis in Mammalian Skin
ENSG00000106144,R-HSA-9725554,Differentiation of Keratinocytes in Interfollicular Epidermis in Mammalian Skin
ENSG00000003400,R-HSA-9725554,Differentiation of Keratinocytes in Interfollicular Epidermis in Mammalian Skin
ENSG00000105141,R-HSA-9725554,Differentiation of Keratinocytes in Interfollicular Epidermis in Mammalian Skin
ENSG00000204403,R-HSA-9725554,Differentiation of Keratinocytes in Interfollicular Epidermis in Mammalian Skin
ENSG00000291983,R-HSA-9725554,Differentiation of Keratinocytes in Interfollicular Epidermis in Mammalian Skin
ENSG00000113263,R-HSA-202433,Generation of second messenger molecules
ENSG00000102010,R-HSA-202433,Generation of second messenger molecules
ENSG00000135605,R-HSA-202433,Generation of second messenger molecules
ENSG00000074966,R-HSA-202433,Generation of second messenger molecules
ENSG00000010671,R-HSA-202433,Generation of second messenger molecules
ENSG00000113263,R-HSA-2871809,FCERI mediated Ca+2 mobilization
ENSG00000102010,R-HSA-2871809,FCERI mediated Ca+2 mobilization
ENSG00000135605,R-HSA-2871809,FCERI mediated Ca+2 mobilization
ENSG00000074966,R-HSA-2871809,FCERI mediated Ca+2 mobilization
ENSG00000010671,R-HSA-2871809,FCERI mediated Ca+2 mobilization
ENSG00000113263,R-HSA-111465,Apoptotic cleavage of cellular proteins
ENSG00000102010,R-HSA-111465,Apoptotic cleavage of cellular proteins
ENSG00000135605,R-HSA-111465,Apoptotic cleavage of cellular proteins
ENSG00000074966,R-HSA-111465,Apoptotic cleavage of cellular proteins
ENSG00000010671,R-HSA-111465,Apoptotic cleavage of cellular proteins
ENSG00000113263,R-HSA-1660499,Synthesis of PIPs at the plasma membrane
ENSG00000102010,R-HSA-1660499,Synthesis of PIPs at the plasma membrane
ENSG00000135605,R-HSA-1660499,Synthesis of PIPs at the plasma membrane
ENSG00000074966,R-HSA-1660499,Synthesis of PIPs at the plasma membrane
ENSG00000010671,R-HSA-1660499,Synthesis of PIPs at the plasma membrane
ENSG00000113263,R-HSA-1433557,Signaling by SCF-KIT
ENSG00000102010,R-HSA-1433557,Signaling by SCF-KIT
ENSG00000135605,R-HSA-1433557,Signaling by SCF-KIT
ENSG00000074966,R-HSA-1433557,Signaling by SCF-KIT
ENSG00000010671,R-HSA-1433557,Signaling by SCF-KIT
ENSG00000113263,R-HSA-512988,"Interleukin-3, Interleukin-5 and GM-CSF signaling"
ENSG00000102010,R-HSA-512988,"Interleukin-3, Interleukin-5 and GM-CSF signaling"
ENSG00000135605,R-HSA-512988,"Interleukin-3, Interleukin-5 and GM-CSF signaling"
ENSG00000074966,R-HSA-512988,"Interleukin-3, Interleukin-5 and GM-CSF signaling"
ENSG00000010671,R-HSA-512988,"Interleukin-3, Interleukin-5 and GM-CSF signaling"
ENSG00000113263,R-HSA-1236974,ER-Phagosome pathway
ENSG00000102010,R-HSA-1236974,ER-Phagosome pathway
ENSG00000135605,R-HSA-1236974,ER-Phagosome pathway
ENSG00000074966,R-HSA-1236974,ER-Phagosome pathway
ENSG00000010671,R-HSA-1236974,ER-Phagosome pathway
ENSG00000113263,R-HSA-166058,MyD88:MAL(TIRAP) cascade initiated on plasma membrane
ENSG00000102010,R-HSA-166058,MyD88:MAL(TIRAP) cascade initiated on plasma membrane
ENSG00000135605,R-HSA-166058,MyD88:MAL(TIRAP) cascade initiated on plasma membrane
ENSG00000074966,R-HSA-166058,MyD88:MAL(TIRAP) cascade initiated on plasma membrane
ENSG00000010671,R-HSA-166058,MyD88:MAL(TIRAP) cascade initiated on plasma membrane
ENSG00000113263,R-HSA-2029482,Regulation of actin dynamics for phagocytic cup formation
ENSG00000102010,R-HSA-2029482,Regulation of actin dynamics for phagocytic cup formation
ENSG00000135605,R-HSA-2029482,Regulation of actin dynamics for phagocytic cup formation
ENSG00000074966,R-HSA-2029482,Regulation of actin dynamics for phagocytic cup formation
ENSG00000010671,R-HSA-2029482,Regulation of actin dynamics for phagocytic cup formation
ENSG00000113263,R-HSA-2424491,DAP12 signaling
ENSG00000102010,R-HSA-2424491,DAP12 signaling
ENSG00000135605,R-HSA-2424491,DAP12 signaling
ENSG00000074966,R-HSA-2424491,DAP12 signaling
ENSG00000010671,R-HSA-2424491,DAP12 signaling
ENSG00000113263,R-HSA-416476,G alpha (q) signalling events
ENSG00000102010,R-HSA-416476,G alpha (q) signalling events
ENSG00000135605,R-HSA-416476,G alpha (q) signalling events
ENSG00000074966,R-HSA-416476,G alpha (q) signalling events
ENSG00000010671,R-HSA-416476,G alpha (q) signalling events
ENSG00000113263,R-HSA-416482,G alpha (12/13) signalling events
ENSG00000102010,R-HSA-416482,G alpha (12/13) signalling events
ENSG00000135605,R-HSA-416482,G alpha (12/13) signalling events
ENSG00000074966,R-HSA-416482,G alpha (12/13) signalling events
ENSG00000010671,R-HSA-416482,G alpha (12/13) signalling events
ENSG00000113263,R-HSA-5602498,MyD88 deficiency (TLR2/4)
ENSG00000102010,R-HSA-5602498,MyD88 deficiency (TLR2/4)
ENSG00000135605,R-HSA-5602498,MyD88 deficiency (TLR2/4)
ENSG00000074966,R-HSA-5602498,MyD88 deficiency (TLR2/4)
ENSG00000010671,R-HSA-5602498,MyD88 deficiency (TLR2/4)
ENSG00000113263,R-HSA-5603041,IRAK4 deficiency (TLR2/4)
ENSG00000102010,R-HSA-5603041,IRAK4 deficiency (TLR2/4)
ENSG00000135605,R-HSA-5603041,IRAK4 deficiency (TLR2/4)
ENSG00000074966,R-HSA-5603041,IRAK4 deficiency (TLR2/4)
ENSG00000010671,R-HSA-5603041,IRAK4 deficiency (TLR2/4)
ENSG00000113263,R-HSA-5663213,RHO GTPases Activate WASPs and WAVEs
ENSG00000102010,R-HSA-5663213,RHO GTPases Activate WASPs and WAVEs
ENSG00000135605,R-HSA-5663213,RHO GTPases Activate WASPs and WAVEs
ENSG00000074966,R-HSA-5663213,RHO GTPases Activate WASPs and WAVEs
ENSG00000010671,R-HSA-5663213,RHO GTPases Activate WASPs and WAVEs
ENSG00000113263,R-HSA-8964315,G beta:gamma signalling through BTK
ENSG00000102010,R-HSA-8964315,G beta:gamma signalling through BTK
ENSG00000135605,R-HSA-8964315,G beta:gamma signalling through BTK
ENSG00000074966,R-HSA-8964315,G beta:gamma signalling through BTK
ENSG00000010671,R-HSA-8964315,G beta:gamma signalling through BTK
ENSG00000113263,R-HSA-9664422,FCGR3A-mediated phagocytosis
ENSG00000102010,R-HSA-9664422,FCGR3A-mediated phagocytosis
ENSG00000135605,R-HSA-9664422,FCGR3A-mediated phagocytosis
ENSG00000074966,R-HSA-9664422,FCGR3A-mediated phagocytosis
ENSG00000010671,R-HSA-9664422,FCGR3A-mediated phagocytosis
ENSG00000113263,R-HSA-9679191,Potential therapeutics for SARS
ENSG00000102010,R-HSA-9679191,Potential therapeutics for SARS
ENSG00000135605,R-HSA-9679191,Potential therapeutics for SARS
ENSG00000074966,R-HSA-9679191,Potential therapeutics for SARS
ENSG00000010671,R-HSA-9679191,Potential therapeutics for SARS
ENSG00000113263,R-HSA-983695,Antigen activates B Cell Receptor (BCR) leading to generation of second messengers
ENSG00000102010,R-HSA-983695,Antigen activates B Cell Receptor (BCR) leading to generation of second messengers
ENSG00000135605,R-HSA-983695,Antigen activates B Cell Receptor (BCR) leading to generation of second messengers
ENSG00000074966,R-HSA-983695,Antigen activates B Cell Receptor (BCR) leading to generation of second messengers
ENSG00000010671,R-HSA-983695,Antigen activates B Cell Receptor (BCR) leading to generation of second messengers
ENSG00000135077,R-HSA-451927,Interleukin-2 family signaling
ENSG00000089041,R-HSA-139853,Elevation of cytosolic Ca2+ levels
ENSG00000089041,R-HSA-418346,Platelet homeostasis
ENSG00000089041,R-HSA-844456,The NLRP3 inflammasome
ENSG00000089041,R-HSA-9660826,Purinergic signaling in leishmaniasis infection
ENSG00000089041,R-HSA-9856532,Mechanical load activates signaling by PIEZO1 and integrins in osteocytes
